"barcode","nCount_Spatial","nFeature_Spatial"
"AAACAAGTATCTCCCA-1",13991,4462
"AAACACCAATAACTGC-1",39797,8126
"AAACAGAGCGACTCCT-1",29951,6526
"AAACAGCTTTCAGAAG-1",42333,8190
"AAACAGGGTCTATATT-1",35700,8090
"AAACATGGTGAGAGGA-1",22148,6518
"AAACATTTCCCGGATT-1",37893,7731
"AAACCGGGTAGGTACC-1",37436,7255
"AAACCGTTCGTCCAGG-1",19863,5075
"AAACCTAAGCAGCCGG-1",71208,9241
"AAACGAAGATGGAGTA-1",15842,5072
"AAACGAGACGGTTGAT-1",30388,6668
"AAACGGGCGTACGGGT-1",40847,7820
"AAACGGTTGCGAACTG-1",27007,6300
"AAACTCGGTTCGCAAT-1",45417,7941
"AAACTCGTGATATAAG-1",6078,2759
"AAACTGCTGGCTCCAA-1",32461,6918
"AAACTTAATTGCACGC-1",15811,5142
"AAACTTGCAAACGTAT-1",29700,7019
"AAAGAATGTGGACTAA-1",58577,8932
"AAAGGCTACGGACCAT-1",29297,6614
"AAAGGCTCTCGCGCCG-1",39690,7339
"AAAGGGATGTAGCAAG-1",34434,7047
"AAAGTAGCATTGCTCA-1",20383,5940
"AAAGTGTGATTTATCT-1",15926,4854
"AAAGTTGACTCCCGTA-1",22486,5781
"AAATAACCATACGGGA-1",19013,5191
"AAATAAGGTAGTGCCC-1",21694,5291
"AAATACCTATAAGCAT-1",33559,7050
"AAATAGCTTAGACTTT-1",3614,1709
"AAATAGGGTGCTATTG-1",28442,6588
"AAATCCGATACACGCC-1",49708,8214
"AAATCGCGGAAGGAGT-1",3277,1923
"AAATCGTGTACCACAA-1",27578,6345
"AAATCTAGCCCTGCTA-1",3144,1547
"AAATGATTCGATCAGC-1",38064,7461
"AAATGGCCCGTGCCCT-1",33516,7673
"AAATGGTCAATGTGCC-1",42726,7483
"AAATTAACGGGTAGCT-1",47184,7960
"AAATTACACGACTCTG-1",12250,3459
"AAATTACCTATCGATG-1",28020,6474
"AAATTCCAGGTCCAAA-1",12909,3828
"AAATTGATAGTCCTTT-1",10819,3625
"AAATTTGCGGGTGTGG-1",34217,7020
"AACAACTGGTAGTTGC-1",31929,6523
"AACACACGCTCGCCGC-1",12271,4089
"AACACGAGACGCGGCC-1",18230,5777
"AACAGCTGTGTGGCAA-1",15407,5010
"AACAGGATGGGCCGCG-1",17909,4500
"AACAGGTAGTATGGAT-1",3720,1645
"AACATATCAACTGGTG-1",16814,4883
"AACATCGATACGTCTA-1",40479,7688
"AACATTGTGACTCGAG-1",10951,3303
"AACCAAGACTTCTCTG-1",26182,5834
"AACCCATCCCATGATC-1",21824,5634
"AACCCGAGCAGAATCG-1",15734,4821
"AACCCTACTGTCAATA-1",21042,5554
"AACCGAGCTTGGTCAT-1",35329,7208
"AACCGCTAAGGGATGC-1",21834,5758
"AACCTCGCTTTAGCCC-1",24985,6384
"AACCTTTAAATACGGT-1",32745,7109
"AACCTTTACGACGTCT-1",23781,6296
"AACGAAAGTCGTCCCA-1",24188,6219
"AACGATAATGCCGTAG-1",27982,6414
"AACGATATGTCAACTG-1",40514,7634
"AACGCATGATCTGGGT-1",33562,7045
"AACGCGGTCTCCAGCC-1",30453,6659
"AACGCTGTTGCTGAAA-1",4347,1678
"AACGGACGTACGTATA-1",18833,5360
"AACGGCCATCTCCGGT-1",25251,5900
"AACGTACTGTGGGTAC-1",30019,6478
"AACGTCAGACTAGTGG-1",13418,3531
"AACGTCGCTGCACTTC-1",35249,7588
"AACGTGCGAAAGTCTC-1",26330,6335
"AACTACCCGTTTGTCA-1",6525,2655
"AACTAGGCTTGGGTGT-1",30435,6934
"AACTCAAGTTAATTGC-1",50656,8233
"AACTCCAGAGCGTGTT-1",20641,6124
"AACTCCTAATCCCATG-1",9917,2902
"AACTCTCAATAGAGCG-1",12050,4170
"AACTCTCAGTGTGCTC-1",15615,4112
"AACTGGGTCCCGACGT-1",33913,7069
"AACTTGCCCGTATGCA-1",11590,3369
"AAGACATACGTGGTTT-1",31821,6855
"AAGACCAAATAACTCA-1",15596,5464
"AAGACCCAACTGAACA-1",55509,8471
"AAGACTGCAAGCTACT-1",8388,2713
"AAGAGCTCTTTATCGG-1",24453,5941
"AAGAGGATGTACGCGA-1",30526,6629
"AAGAGGCATGGATCGC-1",27012,6197
"AAGAGGCCCTTTGGAA-1",32105,6772
"AAGATGGCACCGGACC-1",9876,3390
"AAGATTGGCGGAACGT-1",25887,6192
"AAGCACCCTGCGTATC-1",21030,5676
"AAGCATACTCTCCTGA-1",29207,6629
"AAGCCGAAGCGGTTTA-1",8115,2778
"AAGCGCAGGGCTTTGA-1",24682,5826
"AAGCGTCCCTCATCGA-1",8545,3065
"AAGCTAGATCGAGTAA-1",27506,6256
"AAGCTCGTGCCAAGTC-1",23667,6075
"AAGCTCTTTCATGGTG-1",21754,5759
"AAGGAGCGGTTGGTGC-1",25626,5880
"AAGGATCGATCGCTTG-1",1354,723
"AAGGATGAGGGACCTC-1",22921,5853
"AAGGCGCGTAAAGCTT-1",12840,3273
"AAGGCTGTGCTCATCG-1",33715,6730
"AAGGGAACGACTGGCT-1",9128,3716
"AAGGGACAGATTCTGT-1",22126,5695
"AAGGGACTATGCATTC-1",14586,4745
"AAGGGTTTGATTTCAG-1",11672,4321
"AAGGTATCCTAATATA-1",37161,7193
"AAGGTGATAAACCAGC-1",22166,5736
"AAGTAGTGACGCGAGG-1",22755,5412
"AAGTCAATTGTCGTCA-1",10632,3567
"AAGTCTTCTGTGGCCT-1",14553,4925
"AAGTGACGACCGAATT-1",27955,6234
"AAGTGAGTCGGGTTTA-1",12764,3446
"AAGTGCCTTGACTGTA-1",7497,2742
"AAGTGCGTTAGAATCT-1",31294,7233
"AAGTGTTTGGAGACGG-1",26747,6349
"AAGTTCACTCCAAGCT-1",23098,5747
"AAGTTCAGTCTGCGTA-1",29504,6905
"AAGTTCGGCCAACAGG-1",34414,6884
"AAGTTGTGATGTTATA-1",28299,6714
"AAGTTTATGGGCCCAA-1",37687,7307
"AATAACAACGCTCGGC-1",37567,6850
"AATAACACTAGAACAA-1",15023,4510
"AATACCTGATGTGAAC-1",37513,7775
"AATAGAACAGAGTGGC-1",21958,5264
"AATAGAATCTGTTTCA-1",19709,5415
"AATAGCTACCGCGTGC-1",33844,7139
"AATAGTCCGTCCCGAC-1",42682,7623
"AATATCCTAGCAAACT-1",47966,8536
"AATATCGAATCAATGC-1",8321,3063
"AATATCGAGGGTTCTC-1",6932,2899
"AATATTGGAGTATTGA-1",10480,3293
"AATCATGTAAAGACTC-1",12564,4078
"AATCGCCTCAGCGCCA-1",20367,5347
"AATCGCGCAGAGGACT-1",15940,4687
"AATCGGTATAGCCCTC-1",42712,7926
"AATCGTGAGCCGAGCA-1",33717,6979
"AATCTAGGTTTACTTG-1",27744,7013
"AATCTATGCCGGAGCC-1",9835,3492
"AATCTCTACTGTGGTT-1",15751,5094
"AATCTGCGTTGGGACG-1",16700,4800
"AATCTGGCTTTCTAGT-1",27113,6845
"AATGACAGCAATGTCT-1",22224,6042
"AATGACGTAGGATGTC-1",17775,4923
"AATGACTGTCAGCCGG-1",32705,6634
"AATGATGATACGCTAT-1",26918,6424
"AATGATGCGACTCCTG-1",15254,4583
"AATGCAACCGGGTACC-1",39070,7107
"AATGCACCAAGCAATG-1",35048,7161
"AATGTGCCCGAGGTGT-1",29202,7090
"AATGTTGTCGTGAGAC-1",36240,7686
"AATTAAAGGTCGGCGT-1",43461,7713
"AATTAACGGATTTCCA-1",35387,7241
"AATTACGAGACCCATC-1",17789,5693
"AATTAGCGCTGCAGCG-1",32577,6824
"AATTCATAAGGGATCT-1",25991,6147
"AATTCATTGTCATGCA-1",10462,4152
"AATTCCAAGCATGTAC-1",22605,5537
"AATTCGATTCGAGGAT-1",27417,6369
"AATTCTAGAGTTAGGC-1",28143,6520
"AATTGAACGCTCTGGT-1",5571,2311
"AATTGCAGCAATCGAC-1",42725,7963
"AATTTGGGACATAGTA-1",12678,3977
"ACAAACCATGCGTCCT-1",7167,3311
"ACAAAGAAGGTAGGCC-1",43162,8320
"ACAAAGCATGACCTAG-1",43703,8002
"ACAAATCGCACCGAAT-1",31287,6432
"ACAAATGGTAGTGTTT-1",20227,5266
"ACAACAGCATGAGCTA-1",31087,6634
"ACAAGCAGTGCCTAGC-1",6648,2335
"ACAAGGAAATCCGCCC-1",30014,6416
"ACAAGGACAAGAGGTT-1",28644,6261
"ACAAGGATGCTTTAGG-1",28412,6782
"ACAAGGGCAGGCTCTG-1",19988,5304
"ACAATAGTCGTACGTT-1",15970,5288
"ACAATCCATTTAAACC-1",40260,7497
"ACAATGAATACGGAGA-1",25267,6464
"ACAATTGTGTCTCTTT-1",9788,3355
"ACAATTTGAGCAGTGG-1",30934,6861
"ACACAAAGACGGGTGG-1",28901,6290
"ACACACCAGGACCAGT-1",20315,5433
"ACACATGATCAAATCT-1",21814,6150
"ACACCCAGCATGCAGC-1",26985,6104
"ACACCTTAAGTAGGGC-1",28491,6342
"ACACCTTACTACTTGC-1",13212,4155
"ACACGAGACTCCTTCT-1",31269,6592
"ACACGGGAACTTAGGG-1",28325,6425
"ACACGTAGGCCACAAG-1",21269,5606
"ACACTGATCAAGGTGT-1",18039,4737
"ACAGAACTGAGAACAA-1",39359,7970
"ACAGCGACATTCTCAT-1",20255,5479
"ACAGGCACGGATCCTT-1",39455,7800
"ACAGGCTTGCCCGACT-1",20036,5268
"ACAGGTGGAGGTGAGG-1",11841,3878
"ACAGTAATACAACTTG-1",34151,7839
"ACATAAGTCGTGGTGA-1",27357,6797
"ACATAATAAGGCGGTG-1",30432,6483
"ACATCCCGGCCATACG-1",37788,7288
"ACATCCTGGTAACTGT-1",6956,2488
"ACATCGATCGTTTACC-1",18332,5144
"ACATCGGTCAGCCGCG-1",29908,6535
"ACATCGTATGCAATGG-1",22587,5847
"ACATGGCGCCAAAGTA-1",26491,6381
"ACATTAGTTTATATCC-1",24674,6312
"ACATTTGAAACCTAAC-1",49896,8482
"ACCAAACACCCAGCGA-1",70165,8880
"ACCAACACCACACACT-1",37783,7398
"ACCAACCGCACTCCAC-1",38443,7775
"ACCAACGCTTATTTAT-1",22574,5193
"ACCAAGTCATCGGCAG-1",36317,7447
"ACCAATATGCAAGTTA-1",24590,6055
"ACCACAAGTTTCTATC-1",42085,7350
"ACCACCAATGTAACAA-1",20600,5220
"ACCACGTGCAGCTATA-1",21886,5552
"ACCAGACCATAACAAC-1",11298,4398
"ACCAGTGCGGGAGACG-1",22130,5336
"ACCATATCCGCAATAA-1",49252,8115
"ACCATCCGCCAACTAG-1",28925,7260
"ACCATCGTATATGGTA-1",39893,7610
"ACCCAACGCCCGTGGC-1",16720,4737
"ACCCATCTTGAGGGTA-1",35581,7039
"ACCCATTTGTCCCTCT-1",20538,5599
"ACCCGGAAACTCCCAG-1",31494,6759
"ACCCGGATGACGCATC-1",22902,6195
"ACCCGGTTACACTTCC-1",39105,7465
"ACCCGTGTCATCAGTA-1",25228,5774
"ACCCTATGCCATATCG-1",26222,6342
"ACCCTCCCGTCAGGGC-1",33744,7341
"ACCCTCCCTTGCTATT-1",14874,4640
"ACCCTGGTAACGCCCT-1",30537,6826
"ACCGAAGAGTCTGGTT-1",23211,6045
"ACCGACACATCTCCCA-1",22318,5729
"ACCGACTGAGTCCCAC-1",37558,7223
"ACCGAGTCTCCTTATT-1",45510,8015
"ACCGATGGTAGCATCG-1",23826,6031
"ACCGCAATAACTGCCT-1",27900,6261
"ACCGCGGTGGAAGTCG-1",5680,1978
"ACCGGGCCTTTGTTGA-1",15433,4088
"ACCGGTCAGGTACACC-1",32752,7197
"ACCGTCCACTGGGCCC-1",11242,4437
"ACCTAAGTACCTTTCA-1",18680,5726
"ACCTAATCGACTTCCT-1",21549,5360
"ACCTACAGTATGTGGT-1",16944,4874
"ACCTACTATAAATCTA-1",41387,7882
"ACCTCCGCCCTCGCTG-1",4646,2014
"ACCTCCGTTATTCACC-1",9157,3014
"ACCTGCGTGTCATGTT-1",25243,6525
"ACGAAATGGGCGGCAC-1",4894,2113
"ACGACTCTAGGGCCGA-1",50246,8288
"ACGAGGATACCACTCT-1",21311,6120
"ACGAGGTTTACAACGT-1",20533,5636
"ACGAGTACGGATGCCC-1",3216,1427
"ACGATACATAGAACTA-1",41906,7697
"ACGATCATACATAGAG-1",29967,6450
"ACGATCATCTTGTAAA-1",19531,5539
"ACGATGCATATGTTAT-1",39826,7454
"ACGCAAACTAATAGAT-1",15143,4266
"ACGCAATCACTACAGC-1",1858,999
"ACGCATACGTTTACTA-1",8308,2951
"ACGCATTCGTGAGTAC-1",29249,6278
"ACGCCAGATGATTTCT-1",15056,4421
"ACGCCAGTGCGTTTGC-1",44911,8178
"ACGCCGCTAGACGACC-1",24456,6137
"ACGCGAAGTCAGACGA-1",22423,5579
"ACGCGCTACACAGGGT-1",27397,6222
"ACGCGGGCCAAGGACA-1",48003,8051
"ACGCTAGTGATACACT-1",4111,1787
"ACGCTGTGAGGCGTAG-1",13357,4367
"ACGGAACACGAGTGCC-1",42826,7969
"ACGGACTCTCAAAGCG-1",28852,6737
"ACGGAGCGCAAATTAC-1",42126,7691
"ACGGATGGTGCGGATA-1",25261,6235
"ACGGCACTTGCTTGGG-1",21370,5637
"ACGGCCAACATGGACT-1",43657,7696
"ACGGCGACGATGGGAA-1",18454,4922
"ACGGCTGGATGTAGAA-1",20291,6119
"ACGGGAGTGTCGGCCC-1",19535,5947
"ACGGTACAGTTCAATG-1",45409,8256
"ACGTAGATTGCTGATG-1",30626,6690
"ACGTAGGAGAGTCGCT-1",46231,7929
"ACGTATTACTCCGATC-1",18774,5347
"ACGTCTCGTTCCGGGA-1",39523,7933
"ACGTGACAAAGTAAGT-1",36417,7693
"ACGTGCGCCTCGTGCA-1",7416,2498
"ACGTTAATGTCGAAGA-1",28501,6327
"ACGTTAGATTTGCCCG-1",29833,6596
"ACGTTCGCAATCAATT-1",55807,8259
"ACGTTCGTTCAGGAAA-1",17042,4428
"ACGTTCTGTACAAGTC-1",35844,7475
"ACTACATCCCGACAAG-1",8297,3500
"ACTACCAGCTCTCTGG-1",24035,5601
"ACTACGCGTTAGAATT-1",31237,6665
"ACTAGTTGCGATCGTC-1",9077,3274
"ACTATATGCTGTGTTC-1",32469,7177
"ACTATCCAGGGCATGG-1",1933,980
"ACTATCTGCCCGCGTA-1",2683,1348
"ACTATTTCCGGGCCCA-1",14834,3786
"ACTCAAGTGCAAGGCT-1",32142,7023
"ACTCAATAAAGGCACG-1",42584,7561
"ACTCCCATTCCTAAAG-1",29702,7314
"ACTCCCGAATTCGTTT-1",38294,6557
"ACTCCCTAATGCTAAA-1",34670,7142
"ACTCCCTAGAATAGTA-1",25732,6312
"ACTCCGGCCGACCACT-1",57780,8586
"ACTCGCCGTTCGATAA-1",44991,8304
"ACTCGTAACCCGTCCT-1",24499,6529
"ACTCGTCAGTAATCCC-1",26615,6316
"ACTCTCTGACTTAGGT-1",13992,4307
"ACTCTGACCTAATAGA-1",37914,7616
"ACTCTTGTATAGTAAC-1",12198,4023
"ACTGAAACGCCGTTAG-1",28272,6803
"ACTGAATGGCGAAAGT-1",23482,5863
"ACTGCCGTCGTAACTC-1",15216,4078
"ACTGCTCGGAAGGATG-1",27626,6759
"ACTGTACGATACACAT-1",28444,6517
"ACTGTAGCACTTTGGA-1",23331,5738
"ACTGTCCAGGATTATA-1",31736,6393
"ACTGTCTTCTTTAGAA-1",36479,7168
"ACTTACGCATCCACGC-1",23224,5979
"ACTTATACTTACCCGG-1",20782,5560
"ACTTATTAGGATCGGT-1",37470,7280
"ACTTATTTATGTGCCA-1",17847,5126
"ACTTCAGGCTGATCCC-1",22509,5555
"ACTTCCAGTGGAAGCT-1",4843,2452
"ACTTCCATGCGGGACA-1",25770,6335
"ACTTCGCCATACGCAC-1",28317,6327
"ACTTGACTCCCTCTTT-1",18045,4887
"ACTTGGGACCCGGTGG-1",27242,6124
"ACTTGTAGTCCCTTCA-1",26693,6841
"ACTTGTGGATGGAACG-1",5121,2194
"ACTTTACCCTCATGAA-1",23054,5768
"ACTTTCCTATAGCTTC-1",29968,6610
"ACTTTGACTGCATCCT-1",16309,4736
"ACTTTGGTCGTGCTCC-1",25029,6597
"AGAACCCTCAATTGGG-1",22541,6388
"AGAACGTGGTACATTC-1",38869,7276
"AGAAGAGCGCCGTTCC-1",434,351
"AGAAGGTACACTTCAC-1",32262,7289
"AGAAGGTTGCCGAATT-1",27958,6490
"AGAAGGTTGTAGGTCG-1",29226,6632
"AGAAGTGATTCGTGAT-1",18356,5673
"AGAATGCGGGTTCGGA-1",42372,7879
"AGAATTATGGATTCGA-1",23450,6347
"AGACCAAACCACACCT-1",35827,7505
"AGACCCACCGCTGATC-1",28860,6622
"AGACCCGCCCTCCTCG-1",27617,6143
"AGACCGCTCCGCGGTT-1",5027,2139
"AGACCGGGAAACCCTG-1",27680,6520
"AGACGAAGTGCCGGTC-1",9957,3396
"AGACGACGATGCCGCT-1",11029,3769
"AGACTAGCCTTCCAGA-1",29526,6133
"AGAGAACCGTCTAGGA-1",26738,6314
"AGAGAAGGAGTACAAT-1",5293,2082
"AGAGATCTCTAAAGCG-1",23388,6324
"AGAGCCGCCGAGATTT-1",15439,4296
"AGAGGCTTCGGAAACC-1",8731,3045
"AGAGTAAACTTCACTA-1",7565,2789
"AGATAACTTCAGGGCC-1",40370,7225
"AGATACCAATAGAACC-1",49916,8288
"AGATACCGGTGTTCAC-1",33411,6900
"AGATACTCAAGATCGA-1",13436,4187
"AGATATAATACGACTA-1",35770,7427
"AGATCGTGCATAAGAT-1",30972,6704
"AGATCTCAGGTGTGAT-1",26513,6314
"AGATGACTCGCCCACG-1",27245,6184
"AGATGAGGGTTGCGAT-1",29989,7005
"AGATGATGGAGTCTGG-1",17887,5256
"AGATGCAAGACGTGCA-1",23936,5942
"AGATGCATCCTGTGTC-1",35351,7949
"AGATTATAGGACGTTT-1",35815,7016
"AGATTCACAACCGATA-1",39988,7763
"AGCAAAGGCCGCTAGT-1",29279,6518
"AGCAACATATCTTATT-1",17955,5264
"AGCAACCGAAAGTAAT-1",35963,7429
"AGCACCAGTACTCACG-1",32940,6805
"AGCACTACCTCACCAG-1",28831,6531
"AGCACTTAAGGACGCC-1",27854,5991
"AGCAGAAGGAGAAAGA-1",35293,7050
"AGCAGCCAGATGAATA-1",46012,7789
"AGCATATCAATATGCT-1",7865,3017
"AGCATCATTTCGAAAG-1",33985,7399
"AGCATCGTCGATAATT-1",26716,6001
"AGCATTACGAGGCAAG-1",31068,7088
"AGCCAAGCTTTGTGTC-1",23443,6233
"AGCCACAGGTTACCCG-1",23995,6190
"AGCCACTCCCGTGCTT-1",33833,6948
"AGCCCATACATGTAAG-1",31424,6750
"AGCCCGCACTACAATG-1",57635,8875
"AGCCCGGTAGCCTGTA-1",16648,4197
"AGCCCTTCTAATCCGA-1",28967,6808
"AGCCGTGGCTAAATGT-1",38377,8114
"AGCCTAATACCCACGT-1",25044,6674
"AGCGACAGGAACGGTC-1",12350,4122
"AGCGACCAACGATATT-1",31388,6720
"AGCGATGCGCCTAATA-1",40654,7743
"AGCGCATAATGAATCG-1",44964,7604
"AGCGCGGGTGCCAATG-1",27673,6476
"AGCGGACACTTCGTAG-1",22833,5664
"AGCGGCGGTTAGCGGT-1",31064,7305
"AGCGGGTCTGACACTC-1",47392,8020
"AGCGTGGTATTCTACT-1",19450,5391
"AGCTAAGTACGCAGGC-1",39289,7654
"AGCTAGAAGCAGAAGT-1",30039,6769
"AGCTATTTAATCCAAC-1",12432,3570
"AGCTCCATATATGTTC-1",8743,3306
"AGCTCCTTCGCACATC-1",19601,5140
"AGCTCTAGACGTTCCA-1",27293,6471
"AGCTCTTCCCAGTGCA-1",22254,5686
"AGCTCTTCGTAACCTT-1",3165,1483
"AGCTCTTTACTCAGTT-1",36703,7277
"AGCTGAAGTAAACCAA-1",38925,7463
"AGCTGTAACCTCAATC-1",30750,7086
"AGCTTCTTCTCGAGCA-1",32631,7252
"AGCTTGATCTTAACTT-1",18336,4990
"AGGAAGCTGTCCGCCG-1",30050,6535
"AGGACAGTCGAATCCC-1",22102,5491
"AGGACGACCCATTAGA-1",32189,6900
"AGGACGCTCGATGTTG-1",19838,5611
"AGGAGGCCTTCGCGCG-1",12249,3984
"AGGATAAAGTCGGGAT-1",32244,7156
"AGGATATAGGGATTTA-1",6735,2781
"AGGATATCCGACTGCA-1",70416,9213
"AGGATCACGCGATCTG-1",29401,7420
"AGGCAGATGCGTAAAC-1",29708,6684
"AGGCAGGGAGCGTACT-1",37541,7236
"AGGCATTGTCGTAGGG-1",7421,2784
"AGGCCACCCGTTATGA-1",21806,5417
"AGGCCCTAGAACGCCA-1",18485,5574
"AGGCCTGAGAATCTCG-1",17128,4740
"AGGCGGTTTGTCCCGC-1",22156,6054
"AGGCGTCTATGGACGG-1",39580,7678
"AGGCTTCCCGAAGAAG-1",33370,6735
"AGGGAAACGAGGTACT-1",10944,3166
"AGGGACCGGCTGCGTT-1",2351,1196
"AGGGACTCTACGCGAC-1",34312,6844
"AGGGAGACATACTTCG-1",34420,7083
"AGGGCGAGCAGCTGAT-1",19049,5842
"AGGGCTGCAGTTACAG-1",32305,6963
"AGGGTCAGTAACCCTA-1",32774,7059
"AGGGTCGATGCGAACT-1",22912,5849
"AGGGTGCTCTCGAGGG-1",19317,5218
"AGGGTTCCCTTTGGTT-1",14428,4695
"AGGGTTTAGTTCGGGA-1",33784,6756
"AGGTAGGTACAAAGCT-1",38484,7313
"AGGTATAATTGATAGT-1",1884,999
"AGGTCAGGTGAGAGTG-1",23100,6476
"AGGTCGCGGAGTTACT-1",14345,4728
"AGGTGCACGTCCACAT-1",45833,8245
"AGGTGGTGACCTTCGC-1",15499,4405
"AGGTTACACCATGCCG-1",9000,3319
"AGGTTGAGGCACGCTT-1",28562,6484
"AGGTTTCACACACCTT-1",21928,5655
"AGTAACTATAGCAGCC-1",43387,8169
"AGTACAGAAGCTTATA-1",52505,8289
"AGTACATCATTTATCA-1",16751,4620
"AGTACGGGCACCTGGC-1",24191,5767
"AGTACTCTTATGCCCA-1",26840,6501
"AGTAGGAAGGAAGTTG-1",30345,7058
"AGTATGCTGGAGACCA-1",18756,5041
"AGTATTTGGCACGACC-1",23301,5432
"AGTCAACACCACCATC-1",44287,7813
"AGTCAAGATGACACTT-1",21314,5785
"AGTCACTAGCTCTCGA-1",10756,3719
"AGTCCATTGGCTGATG-1",5469,2029
"AGTCCCGCCTTTAATT-1",26758,6518
"AGTCGACGGTCTCAAG-1",22373,5668
"AGTCGGCCCAAACGAC-1",18906,4519
"AGTCGGCTCAACTTTA-1",22668,6145
"AGTCGGTTGCGTGAGA-1",19515,5273
"AGTCGTATAAAGCAGA-1",48516,8247
"AGTCGTCGACCACCAA-1",11718,4001
"AGTCGTGGGCATTACG-1",8980,3494
"AGTCTAAAGTATACTC-1",47995,7859
"AGTCTCACAAGACTAC-1",8050,3061
"AGTCTTCTCCTCAAAT-1",31772,6599
"AGTCTTTAAAGTGTCC-1",27264,6313
"AGTGAACAAACTTCTC-1",7227,2559
"AGTGACCTACTTTACG-1",36545,7266
"AGTGAGACTTCCAGTA-1",19731,5241
"AGTGAGCCTCGCCGCC-1",10981,4029
"AGTGAGTCGAATTAAC-1",45646,8586
"AGTGATAACCTGCGCG-1",28057,6672
"AGTGATATGAGTAGTT-1",37798,7440
"AGTGATTCAAGCAGGA-1",28855,6630
"AGTGCACGCTTAAGAA-1",14557,4436
"AGTGCGTAGCTCGTAA-1",35559,6958
"AGTGCTAAACACAGCA-1",34446,7453
"AGTGCTTGCACGAATA-1",19004,5339
"AGTGGCCCGCAAATGG-1",33036,6895
"AGTGGCGGCAATTTGA-1",20187,5521
"AGTGGCGTCTGAAGGT-1",27349,6582
"AGTGGCTCCGTCGGCC-1",16745,4710
"AGTGGTGTTACCCGTG-1",27455,7067
"AGTGTATTGCGCATTG-1",24935,6390
"AGTTAAACACTTGCGA-1",45678,8021
"AGTTAAGCGGTCCCGG-1",15424,4651
"AGTTAAGTCAACCGCT-1",30703,7443
"AGTTACTCTATCGTGG-1",18360,5144
"AGTTCCTACAGAATTA-1",35347,6834
"AGTTCCTATTTATGTT-1",25169,6153
"AGTTGACGGTCCTTGC-1",37286,7456
"AGTTGGCAAGGCTAGA-1",32636,7192
"AGTTTGCACCTGCCTC-1",19718,5376
"AGTTTGGCACGGGTTG-1",9399,3089
"AGTTTGGCCAGACCTA-1",23145,5973
"ATAAACGGACCCGTAA-1",35698,7374
"ATAAACGTTGCACCAC-1",9367,3393
"ATAAAGGCTCGGTCGT-1",43270,7471
"ATAAATATTAGCAGCT-1",38231,7043
"ATAACGCCGGAGGGTC-1",30570,6688
"ATAACGGAGTCCAACG-1",36608,7127
"ATAAGGTGGAGAACAT-1",29094,6614
"ATAAGTAGGATTCAGA-1",3128,1566
"ATAAGTAGGGCGACTC-1",735,444
"ATAAGTTACCGCGACG-1",30496,6556
"ATAATAGCTGTTGAAT-1",26572,6272
"ATAATCTTGGAGAACC-1",30310,6725
"ATAATTAGCTAAGTAG-1",35122,7306
"ATACAGGCCCTCCAAT-1",21177,5547
"ATACCACGGGCAACTT-1",27552,6216
"ATACCGTCATCCATAA-1",40274,7687
"ATACCTAACCAAGAAA-1",36829,7337
"ATACGCCGGCGAAACC-1",27033,6253
"ATACGGAACGTCGTTT-1",32215,7313
"ATACGGGTTTCGATTG-1",26181,6331
"ATACGTACTTAGCCAC-1",23027,5871
"ATACGTCCACTCCTGT-1",15047,4537
"ATACGTTATGCACGGA-1",30821,6847
"ATACTACCCGTACCAC-1",19000,5168
"ATACTAGCATGACCCT-1",29966,6471
"ATACTGCCTTACACCG-1",19736,5382
"ATAGACAACGGGACCT-1",20693,5352
"ATAGACGAAGAGAAAG-1",43146,7572
"ATAGAGTACTGGGACA-1",26270,6061
"ATAGAGTTATCAACTT-1",17307,5040
"ATAGCAACTAGGGAAG-1",39731,7562
"ATAGCCATAACAGTCA-1",58670,8848
"ATAGGCGGCTATAGAA-1",32259,6972
"ATAGGCTAGCTTCGCA-1",21792,5924
"ATAGGGATATCCTTGA-1",26937,6442
"ATAGGTTGGGCAGATG-1",32851,6903
"ATAGTGAAGCGTTCTC-1",15174,4479
"ATAGTTCCACCCACTC-1",20422,5732
"ATATAAAGCGCTCGTG-1",30351,6766
"ATATAAATGTAGCTGC-1",29264,6748
"ATATAACACGGGCGCA-1",48756,8392
"ATATACATGTATGGTA-1",35723,8055
"ATATACGCTCGTGACG-1",48813,8130
"ATATAGAGTATTGGTC-1",13594,4910
"ATATCAACCTACAGAG-1",17953,4993
"ATATCAATTCCAGCCT-1",8694,3616
"ATATCGGTAGGGAGAT-1",1462,893
"ATATCGTTCCTCGAAC-1",15235,4755
"ATATCTCCCTCGTTAA-1",27321,6337
"ATATCTTAGGGCCTTC-1",35841,7107
"ATATGTCTCCCTAGCC-1",17667,5083
"ATATTCAGTTAAACCT-1",40280,7519
"ATATTCCACATAGTGA-1",20767,5367
"ATATTTAACCCTCAAG-1",35756,6595
"ATCAAACACTGTTCCA-1",6965,2731
"ATCAAACGAAGGTTTG-1",20569,5530
"ATCAATCTGGGCTGCA-1",33023,6871
"ATCAATGCCGTGGCTG-1",13059,4783
"ATCACATTAGAATATC-1",34835,7131
"ATCACGTGCTAATTAA-1",40013,7556
"ATCACTTCATCCTCGC-1",21629,5311
"ATCAGACGGCACGCCG-1",35800,7215
"ATCAGCCTCATGCTGC-1",29393,6663
"ATCAGCTCGTCCACTA-1",22144,6337
"ATCAGTAGGCAGGGAT-1",30871,6684
"ATCATAGCCCTATGTA-1",40660,7757
"ATCATCCAATATTTGT-1",11220,3770
"ATCATTGTACCGCATT-1",12934,4721
"ATCCAACGCAGTCATA-1",11166,3144
"ATCCAATGGAGGGTCC-1",32495,6827
"ATCCACATCGACAGAA-1",28860,6643
"ATCCAGAGCAACAACC-1",39994,7447
"ATCCAGGATTCGTGAA-1",38307,7420
"ATCCCATCCACAGCGC-1",13962,4955
"ATCCTACCTAAGCTCT-1",32073,6899
"ATCCTGAATCGCTGCG-1",26339,5783
"ATCCTGCGTGGAATGG-1",32712,6956
"ATCGACCCAATACAGA-1",28006,6383
"ATCGACTCTTTCCGTT-1",25286,5971
"ATCGCACGCCGGGAGA-1",33341,6716
"ATCGCCAGTCAACATT-1",4418,1819
"ATCGCTGCGTGCAGCA-1",24866,6228
"ATCGGAGACAGACGGC-1",23338,5772
"ATCGGCAAGCAGTCCA-1",27144,6279
"ATCGTTAGCTAGCGGA-1",19054,5297
"ATCTAATATCCTACGG-1",25577,6279
"ATCTACCATCTGCTCC-1",38485,7489
"ATCTAGCTTGTGAGGG-1",30937,7014
"ATCTCCCACGGAATAT-1",31449,6879
"ATCTCCCTGCAATCTA-1",8987,3089
"ATCTGCACCTCTGCGA-1",5094,2116
"ATCTGCTGTTATCGCC-1",15278,4608
"ATCTGGGCTGTTCTTG-1",22216,5749
"ATCTGGTTAAGACTGT-1",34585,6931
"ATCTTATCGCACACCC-1",35665,7455
"ATCTTGACCTGCAACG-1",28842,6262
"ATCTTGACTTGTCCAA-1",10972,3486
"ATGAAGCCAAGGAGCC-1",16916,4053
"ATGACGCGTTCTATCC-1",14173,4498
"ATGACTATGCGACATT-1",15070,4469
"ATGAGGAGTGTTAATC-1",9224,2811
"ATGATGCAATGGTACA-1",43778,7824
"ATGCACGCGCTGTTCA-1",28453,6775
"ATGCACTACCGCATTG-1",25283,5948
"ATGCATGATCCAGGAT-1",29790,6522
"ATGCCAATCGCTCTGC-1",30115,6811
"ATGCCATTTGCGACCA-1",12441,4087
"ATGCCGGTCTTGCATA-1",27421,6301
"ATGCCGGTTGATGGGA-1",32165,6764
"ATGCGACAATTGGTCC-1",34246,7154
"ATGCGACAGTCCCATT-1",14265,4195
"ATGCGAGTCCCACCAC-1",15809,4913
"ATGCTCTGGCGCGGTA-1",26411,6191
"ATGCTTAGGAGTTGAT-1",1285,698
"ATGGAAATTTAAGGAG-1",37931,7717
"ATGGAGCAGGCCGTGA-1",16827,4578
"ATGGATCCGGCGTCCG-1",28554,6517
"ATGGATTGACCAAACG-1",39174,7218
"ATGGCAGCATTACGAT-1",10245,3887
"ATGGGCCTCGGCCTCT-1",17506,5074
"ATGGTCGCGTGGTTTC-1",19109,5101
"ATGTAAGGCTGCTCTT-1",44168,7532
"ATGTACATGCGGTGAG-1",48433,8417
"ATGTACGATGACGTCG-1",49330,8267
"ATGTAGCGCGCGTAGG-1",25384,6256
"ATGTGAAAGCCTAATG-1",20161,6155
"ATGTGCATCCGACGCA-1",28843,6247
"ATGTGGACATCTTGAT-1",27944,6497
"ATGTTGATTAGAGACT-1",34952,7356
"ATTAAACATGCGGACC-1",34917,7190
"ATTAATACTACGCGGG-1",30017,6361
"ATTAATGAACCAGTCG-1",43178,7652
"ATTACATGTCAGTCTT-1",4339,1873
"ATTACGCGCTGGCAGG-1",31485,6488
"ATTACTTACTGGGCAT-1",20913,5764
"ATTAGATTCCTCAGCA-1",15972,4889
"ATTAGGCGATGCTTTC-1",21627,5442
"ATTATACTTTGCTCGT-1",22945,5699
"ATTATAGCTACTTTAC-1",22479,5739
"ATTATGCCATAGGGAG-1",22642,5544
"ATTATTATGTCCGTCA-1",5236,2310
"ATTATTCAGAGTCACT-1",39015,7895
"ATTCAACCATTTAAGG-1",12533,3948
"ATTCACTGATGTTGGA-1",23688,6073
"ATTCAGGACCTATTTC-1",26865,6626
"ATTCATATACTGTCCA-1",23615,5977
"ATTCATCGTTGAGGCA-1",18249,5229
"ATTCCCGAAGGTACAG-1",13980,4823
"ATTCCTAAGACGTGGA-1",29222,6582
"ATTCGACGCCGGGCCT-1",24190,5537
"ATTCGCGCCTTGAGAG-1",32316,6998
"ATTCGTGCTATCTCTT-1",8360,3019
"ATTGAAGATCTTAGTG-1",30412,6575
"ATTGACCGGCGATGAC-1",39917,7543
"ATTGATCACCACATTT-1",27374,6806
"ATTGATGAGTCCTAAC-1",18409,5416
"ATTGCCTTTATGTTTG-1",27759,6514
"ATTGCGATCAGTAACT-1",11384,3949
"ATTGCTGCTCCTCCAT-1",37869,7220
"ATTGGATTACAGCGTA-1",4511,1984
"ATTGGTTGTGCATTAC-1",45024,8293
"ATTGTACAACTCGGCT-1",27630,6855
"ATTGTCGCAATACCTT-1",17105,4697
"ATTGTGACTTCGCTGC-1",19891,5534
"ATTTACAGTTTACTGG-1",22648,5559
"ATTTACTAAGTCCATT-1",29252,6472
"ATTTCCGGGTTCTGCG-1",6767,2629
"ATTTGCGCGAGTAGCT-1",10989,3680
"ATTTGGAGATTGCGGT-1",12437,4221
"ATTTGTCTTGGGAGCT-1",16200,4854
"ATTTGTTCCAGGGCTC-1",28308,6450
"CAAACCCTCCGGCGGG-1",43148,7484
"CAAACGAGTATCGCAG-1",40717,7581
"CAAACGGTCGCACTTT-1",30823,6423
"CAAACTCGCGACGCCG-1",3624,1771
"CAAAGATTATTGGGCC-1",24905,6097
"CAAATCTCTCACAAGG-1",18810,5586
"CAAATGTCCTTCCGTG-1",40047,7662
"CAACCTACCGAGCAGT-1",36515,7270
"CAACGACCCGTTTACA-1",14952,3676
"CAACGTGGTGGAGTCT-1",1546,813
"CAACTATATCGAATGC-1",9082,2823
"CAACTGCTCATCCGAT-1",29236,6284
"CAAGAGGGCGGAGTAC-1",25431,6114
"CAAGATATTATAACGT-1",8203,2760
"CAAGCAACGTCGGAGT-1",34864,6777
"CAAGCACCAAATGCCT-1",18894,4820
"CAAGCGGCACATAATT-1",24186,6099
"CAAGGATCGCATGTTC-1",25479,6094
"CAAGGCCAGTGGTGCA-1",33298,7180
"CAAGGTCCTATAGGCT-1",3511,1551
"CAAGTGTGGTTGCAAA-1",19179,5257
"CAATAAACCTTGGCCC-1",40851,7559
"CAATACGCTCTGAGGC-1",23397,5567
"CAATATTCTTGACCTA-1",21917,5605
"CAATCCCTATACCAGC-1",6710,2501
"CAATGCGAGAAGTATC-1",22858,5773
"CAATGGATCTCTACCA-1",23602,5835
"CAATGTGCCAACCCTT-1",17889,5639
"CAATTAAGGGTGATGA-1",37257,7038
"CAATTGGGCCGCACTC-1",2077,1166
"CAATTTCGTATAAGGG-1",12640,3834
"CACAAGAAAGATATTA-1",50858,8401
"CACAATGAGCTGCTAT-1",36221,7325
"CACACACGCTAACGAG-1",10226,3641
"CACACGCGCTGTCTTA-1",21345,5679
"CACAGCACCCACGGCA-1",32442,6503
"CACAGCTAGGGAGTGA-1",25944,5963
"CACAGGGCCATATAGT-1",19233,5345
"CACAGGGCCGTTGTCA-1",26867,6086
"CACAGTCCCGCTTCGC-1",30929,6893
"CACAGTTCGCTTCCCA-1",1448,730
"CACATATTAGCAGGAT-1",21812,5688
"CACATCTCACCGACGA-1",23612,6120
"CACATGATTCAGCAAC-1",18082,5178
"CACATTCTTTCGATGG-1",23419,6067
"CACATTTCTTGTCAGA-1",16951,5036
"CACCAATCATCCGTCT-1",17665,5543
"CACCACGCCACACAGA-1",24459,5857
"CACCAGTCAGCATGCA-1",26913,6717
"CACCATGATCGCAAAG-1",48136,8188
"CACCCAAATCTTATGT-1",19435,5186
"CACCCACGAGGCAATT-1",34088,7179
"CACCCGGTTTGTGACT-1",11403,3288
"CACCCTAACAAGATCT-1",22087,5533
"CACCCTTGGTGAGACC-1",18876,5752
"CACCGCCAGAAGGTTT-1",30492,6508
"CACCGCGTCCACTCTA-1",29195,6832
"CACCGGGCATCACAAG-1",44588,7862
"CACCGTATCCCATCCG-1",6234,2319
"CACCGTTAGGGATCAC-1",11187,3521
"CACCGTTGCGCGATAT-1",18101,5337
"CACCTAATCAGTTTAC-1",24471,6108
"CACCTCGATGGTGGAC-1",26722,6357
"CACCTTGCGAAACTCG-1",41208,7359
"CACCTTGGCGCCTTTG-1",6883,2479
"CACGAAAGTTAGTCCC-1",21662,5198
"CACGCACAGCGCAGCT-1",35289,7051
"CACGCAGCGAGGCTTT-1",27591,6183
"CACGCGGAACTGTTGC-1",18024,5264
"CACGGCGCGCCAAAGG-1",38666,7444
"CACGTCGGCAACCTCT-1",22868,5640
"CACGTTCGTGCTCTAG-1",23159,5692
"CACGTTTCGTACACAC-1",22142,5879
"CACTAAAGTTGCCTAT-1",38440,7226
"CACTACGGGAGCTGCC-1",28324,6465
"CACTCAAGAGCTATGG-1",28363,6496
"CACTCCTATGTAAGAT-1",9491,3037
"CACTCCTCTCGGTCGG-1",20561,5533
"CACTCGAGCTGAACAA-1",17897,4925
"CACTCTTCTGCTAGCC-1",13831,4231
"CACTGACGATTGTGGA-1",5458,2451
"CACTTAATCAGACGGA-1",36257,7052
"CAGAACTTAGCCCTCT-1",21794,5567
"CAGAATAACACACGGA-1",4184,1770
"CAGACACCGATCGCTG-1",33761,6679
"CAGACCTGTAAGTGTT-1",16920,5671
"CAGACGAACCTGATAC-1",32964,7082
"CAGAGACGGTCACCCA-1",39977,7580
"CAGAGCATGAGCTTGC-1",29696,6459
"CAGAGGCGATGCATGA-1",43346,7460
"CAGATAATGGGCGGGT-1",30370,6973
"CAGATACTAACATAGT-1",29400,6187
"CAGATCATTTAAAGTC-1",32341,6897
"CAGATCCTGGTTTGAA-1",31094,6972
"CAGATGTTTGTCCCAA-1",30822,7451
"CAGCAGCCCGTTCCTT-1",26067,6192
"CAGCAGTCCAGACTAT-1",9022,3295
"CAGCAGTCTGTGCTGC-1",20147,5295
"CAGCCTCCTGCAGAGG-1",37478,7234
"CAGCCTCTCCTCAAGA-1",28074,6581
"CAGCGATTCCCTTCAA-1",17867,4565
"CAGCTCACTGAGACAT-1",35518,7161
"CAGCTCGACAAGTTAA-1",22096,5601
"CAGCTGGCGTAACCGT-1",33993,7540
"CAGCTTAGTAGGTAGC-1",20345,4974
"CAGGATATATCGTTGT-1",32053,7105
"CAGGCAGTCTTACCAG-1",39376,7696
"CAGGCCGTTTGGGTGT-1",36180,7214
"CAGGCGCACGGTGGTC-1",29118,6931
"CAGGCGCCATGCTAGG-1",29618,6538
"CAGTAACTATTTATTG-1",25694,6365
"CAGTAAGGGACGTCTC-1",8481,3620
"CAGTACATTCTCTAAA-1",29063,6676
"CAGTACCAGTTTACGT-1",22332,6467
"CAGTAGCCCACGCGGT-1",22480,5819
"CAGTCGAGGATGCAAT-1",22507,5770
"CAGTCGGCCTAGATAT-1",35498,7574
"CAGTCTGTATACTGGG-1",21088,5600
"CAGTGAATAAATGACT-1",41576,7548
"CAGTGTCGGCTGGCCC-1",11698,4216
"CAGTTCAAATTGACAC-1",37961,7118
"CATAACGGACAGTCGT-1",28315,6686
"CATAAGAAGCTTGGCT-1",23613,5911
"CATAAGCTCTCCGTCT-1",29161,6940
"CATACACAAAGTCAGC-1",10041,4100
"CATACACGGTTCCCAC-1",39905,7572
"CATACCCGTACCCAGT-1",35855,6966
"CATACGGCGTCTGGGC-1",24439,6058
"CATACTATGTAATTGT-1",35919,7023
"CATACTTAGGCAATAC-1",941,554
"CATAGAGGAGATACTA-1",47590,8275
"CATAGCGTTGCCCACC-1",39265,7456
"CATAGTACATTGAGAG-1",7526,2573
"CATAGTCAAATACATA-1",49885,8627
"CATAGTCCACAAGAAC-1",39709,7228
"CATATACTACTGATAA-1",27352,6466
"CATATAGGTACAGTCA-1",32445,6878
"CATATGTCAGGCTACG-1",24114,6289
"CATCATTACCCTGAGG-1",9307,3664
"CATCCTCTCAAAGATC-1",20846,5599
"CATCGGACGGGTTAAT-1",12778,4139
"CATCTATCCCGTGTCT-1",19772,5640
"CATCTTACACCACCTC-1",21419,5671
"CATGACTTCGCTGAAT-1",12856,4377
"CATGAGATGCACTCTC-1",29666,6706
"CATGATGCACAATTCT-1",25530,6022
"CATGATGGAAGTTAGC-1",5487,2148
"CATGCCAACTCGCAAA-1",17211,5533
"CATGCGACCAGTTTAA-1",18607,5227
"CATGGATTGTCTTCCG-1",5544,2334
"CATGGGTATGCCTTAT-1",21271,5557
"CATGGGTCGGGTGTGG-1",31261,6900
"CATGGTAAGTAGCGTT-1",18283,5208
"CATGGTATTAGTTTGT-1",16866,5208
"CATGGTCTAGATACCG-1",37447,7111
"CATGGTTTATTAATCA-1",29090,6903
"CATGTAAGAGACATTT-1",21081,5575
"CATGTAGGAGCGCCAA-1",14304,4840
"CATGTCTCATTTATGG-1",21391,5496
"CATTACGCAGGAAGGG-1",49985,8371
"CATTACGTCGGCCCGT-1",20020,5253
"CATTATGCTTGTTGTG-1",24408,5741
"CATTGCGGGTCAATTC-1",16205,4811
"CATTTAGCGGACCATG-1",25739,6083
"CATTTGAGTGGTACGT-1",24160,5886
"CCAAACAGAACCCTCG-1",29960,6404
"CCAAATAACAAGATTC-1",8181,2925
"CCAACGATGCACTGAT-1",26103,5850
"CCAAGAAAGTGGGCGA-1",41605,7641
"CCAAGACTTCTGCGAA-1",26982,6007
"CCAAGCGTAACTCGTA-1",32408,6683
"CCAAGGTTGCCCTTTC-1",37781,7616
"CCAATAGTGCCGTCGA-1",41476,7494
"CCAATCGGTAGATCGA-1",8454,2670
"CCAATGTCACAGCAAG-1",42980,7576
"CCAATTACGGGTCGAG-1",28444,6743
"CCACAATGTACGTCTT-1",20847,5463
"CCACACTGAGATATTA-1",33656,6830
"CCACAGTACCCATCCT-1",8295,3011
"CCACATGGCTCTTTAT-1",8553,3620
"CCACCAACTTTACTGT-1",14384,4279
"CCACCCAAGGAAAGTG-1",30883,6768
"CCACGAATTTAACCTC-1",23546,5892
"CCACGAGAAGAGAATC-1",23457,5910
"CCACGGAGCCATAAGA-1",19533,5936
"CCACGGTGCCCGGTAG-1",1900,1074
"CCACTCAGATCCGCAA-1",39025,7434
"CCACTGGTGGCTGGTT-1",15080,4282
"CCACTGTTTGGATTAA-1",24003,6110
"CCAGAAAGCAACTCAT-1",12744,4185
"CCAGATAGTTGAGTGA-1",25825,6289
"CCAGCCTGGACCAATA-1",15947,4452
"CCAGCTCGAACGCATT-1",23505,5647
"CCAGCTGATGGTACTT-1",11540,3595
"CCAGGGACGTGGCCTC-1",29985,6379
"CCAGTAGTCTGATCCA-1",20679,5540
"CCAGTCAAATCTCTTA-1",36285,7322
"CCAGTCTAGACGGCGC-1",37920,7074
"CCAGTCTTGTCATAGA-1",28880,6448
"CCAGTTCGGTAACTCA-1",16809,5300
"CCATAACCTGTGCAGT-1",34436,7449
"CCATACCTTTACTTGT-1",14611,4408
"CCATAGAGGCTGCCAG-1",16375,5408
"CCATAGGTTGGCGTGG-1",10347,3245
"CCATATGGAAACTATA-1",5029,2114
"CCATCGCAGTTAAACT-1",31468,6986
"CCATCTCACCAGTGAA-1",10100,3448
"CCATGCCCTAGATTTC-1",9220,3230
"CCATGCCTGTTTAGTA-1",34099,6917
"CCATTAGCGATAATCC-1",35952,6888
"CCATTCCCTGCCCACA-1",30539,6353
"CCATTTCTACCTATTA-1",13674,4071
"CCCAAACATGCTGCTC-1",30240,6805
"CCCAACATACGTCGCG-1",38265,7292
"CCCAAGTCATTACACT-1",38890,7649
"CCCAATTTCACAACTT-1",27396,6232
"CCCACTCCACGGTATC-1",30967,7516
"CCCAGAGGAGGGCGTA-1",25856,6221
"CCCAGGTCTGAAGGCT-1",3711,1650
"CCCAGTAAACTTGGGA-1",41066,8054
"CCCAGTTAAGGCGCCG-1",24354,5883
"CCCGAAGTTTCGCGAA-1",40211,8088
"CCCGACCATAGTCCGC-1",26276,6209
"CCCGAGTTTCTCCGTA-1",9589,3441
"CCCGCAGCGCGAACTA-1",29657,6644
"CCCGGGTCGTTCAGGG-1",19877,4953
"CCCGGTGTATCGGAAT-1",38997,7773
"CCCGTAAGTCTAGGCC-1",25378,5962
"CCCGTAGCTGGGAAGA-1",20604,5401
"CCCGTCAGCGTCTGAC-1",28510,6181
"CCCGTGAGGGCGGTGA-1",40744,8079
"CCCGTTTCGCAGATGT-1",2398,1214
"CCCTACTTGAACAATG-1",48358,8022
"CCCTAGGCAACAAGAG-1",44379,8460
"CCCTATGTAGAGCAGA-1",21167,6048
"CCCTCCTCGCTCGTAT-1",6223,2436
"CCCTGAAATGAGTTGA-1",33253,6574
"CCCTGCCCAATCCGCT-1",17423,5479
"CCCTGCGCTACGCATA-1",12881,3481
"CCCTGGCTGTTCCTTC-1",40274,8056
"CCCTTTAATGGAGTTC-1",30777,6814
"CCCTTTGACAGGTCTT-1",38455,7414
"CCGAACACTGGGCCTC-1",26291,6712
"CCGAACCTTCCCGGCC-1",28523,6444
"CCGAAGCATTGACCAA-1",23546,6666
"CCGACAATAGGCCGCC-1",10274,3585
"CCGACGGGCATGAGGT-1",30290,7172
"CCGACGTAAACACAAC-1",26905,6366
"CCGAGAAGTCGCATAA-1",6464,2651
"CCGAGCTGTGCTTGTC-1",32380,6909
"CCGATCTCAACCTTAT-1",14060,4199
"CCGATTCGAGGGACCC-1",13668,4247
"CCGCACAAAGACCAAC-1",39146,7395
"CCGCACTTGCAATGAC-1",35663,7582
"CCGCATGTGGTACGAT-1",27861,6566
"CCGCCGGAACTTCTCG-1",37002,7616
"CCGCCTGCGAATTGGT-1",24373,6220
"CCGCCTTGCGATGTCG-1",33281,7355
"CCGCGATTTGGTAGGT-1",19154,5710
"CCGCGCAAGATACCCA-1",16537,5468
"CCGCGGAATGCGTCAC-1",18881,5247
"CCGCGGGTACGAAGAA-1",15088,3734
"CCGCTATCAGCACCAG-1",25357,6187
"CCGCTCCAGGGCGATC-1",26676,6156
"CCGCTCTTCCGAACTA-1",33325,7166
"CCGCTTACCTCACTCT-1",30045,6650
"CCGCTTGCTGACATGG-1",32972,7122
"CCGGAGCGTACTTTCT-1",36437,7161
"CCGGCACGACCGTTTC-1",973,617
"CCGGCCGCGAGCATAT-1",11992,4293
"CCGGCGTGAGACTCTG-1",32148,7502
"CCGGGCGGTCTCGTCA-1",31945,6906
"CCGGGCTGCTCCATAC-1",18372,5068
"CCGGGTTCGAGGTTAC-1",30172,6600
"CCGGTAATGGCTAGTC-1",15375,4863
"CCGGTTTGTAATTGTG-1",34194,7111
"CCGTAAGTTGGTCCCA-1",11507,3673
"CCGTAGGAAATCCCTG-1",29659,7062
"CCGTAGGGTTGTTTAC-1",23820,6151
"CCGTATCTCGTCGTAG-1",26770,6741
"CCGTATTAGCGCAGTT-1",24763,6282
"CCGTGGAACGATCCAA-1",16925,4944
"CCGTGTTAAATTCCAT-1",22790,5858
"CCGTTACGTTAGAACA-1",30112,6905
"CCGTTCCGAATCTCGG-1",17162,4691
"CCTAAAGGCTGACGCT-1",8971,2591
"CCTAAATTAACGGTTC-1",23461,5739
"CCTAAATTGTATCCTA-1",3205,1467
"CCTAACCCAAACAAGT-1",20211,5408
"CCTAACTAAGGCTCTA-1",29349,6481
"CCTACATTCACAGACG-1",13969,4572
"CCTACTGCTTACACTT-1",23924,5733
"CCTAGGCGTAGCGATC-1",22145,5738
"CCTAGGTAAAGGTAGC-1",39015,7940
"CCTATAATGAGTGCCC-1",23386,5771
"CCTATACCGTCCTGTC-1",37614,7152
"CCTATATCGTGTCACG-1",15896,5118
"CCTATATTTGTCCTGG-1",13941,3939
"CCTATCTATATCGGAA-1",27283,6392
"CCTATGAAGTGGTGCC-1",1123,655
"CCTATGGCTCCTAGTG-1",10390,3891
"CCTATGGGTTACCGTC-1",36773,7170
"CCTATGGTCAAAGCTG-1",38159,7374
"CCTATGTCCACTCCAC-1",6946,2727
"CCTCAACGATCGCTGT-1",30670,7285
"CCTCACCTGAGGGAGC-1",3278,1498
"CCTCACCTTAGCATCG-1",14641,4162
"CCTCCGACAATTCAAG-1",31113,6287
"CCTCCTGAGCCCACAT-1",13109,4569
"CCTCCTGTTGTGTCGT-1",33956,7244
"CCTCGCCAGCAAATTA-1",26448,6204
"CCTCGCGCGATATAGG-1",27770,6425
"CCTCGCGCTGTGCGAT-1",34951,7087
"CCTCGGACCGGGATAG-1",22666,5772
"CCTCTAATCTGCCAAG-1",32591,6921
"CCTCTATCGATTAGCA-1",25974,6835
"CCTCTCTCCCATCTAG-1",29051,6567
"CCTCTGGCCTAGACGG-1",14407,4238
"CCTCTGTACTATTCTA-1",26490,6421
"CCTGAACGATATATTC-1",28105,6548
"CCTGAATATTTACATA-1",33321,6911
"CCTGACCACCGATGGT-1",28397,6565
"CCTGCTATTTGAGAAG-1",24424,5749
"CCTGGAAACGTTCTGC-1",15693,4927
"CCTGGCTAGACCCGCC-1",26806,5919
"CCTGGTCGAATGTGGG-1",28339,6565
"CCTGTAAGACATGATA-1",35645,7091
"CCTGTACTCACGCCCA-1",29714,6529
"CCTGTCACCCGGGCTC-1",33961,6963
"CCTGTCCCTCACGTTA-1",1204,665
"CCTGTCGCCCGTAAAT-1",29899,6640
"CCTGTTTGAAGACACG-1",13945,4529
"CCTTCAGTTAAAGTGA-1",15528,3679
"CCTTCGTATAGAATCC-1",26990,6139
"CCTTCTCAGCGTTCCT-1",27573,6850
"CCTTCTTGATCCAGTG-1",24053,5996
"CCTTGACCACTTTATT-1",2350,1046
"CCTTTAAGGGAGCACT-1",30514,6568
"CCTTTCAATGAAGAAA-1",29851,6836
"CCTTTGAATTATGGCT-1",13513,4822
"CGAAACGCAATTCATG-1",34491,6915
"CGAACAGTATGGGCGT-1",7429,2976
"CGAACCCGCATGCGTC-1",33534,6876
"CGAACGGCCGGACAAC-1",38622,8205
"CGAAGCTATAAATTCA-1",37716,7247
"CGAAGTTGCTCTGTGT-1",27964,6391
"CGAATCTGCTCGACGC-1",11711,4468
"CGAATGAAGTCATTGC-1",9952,4025
"CGAATGACGCATAATG-1",44307,7820
"CGACAATTTGATCTAA-1",8656,2863
"CGACACGCTCCGACAG-1",20982,5740
"CGACAGTTCGCGTTAT-1",36942,7041
"CGACCCTTAACGCCGG-1",28274,7109
"CGACCTACTAGACAAT-1",47547,8483
"CGACGCATCCGTACCT-1",27786,6954
"CGACTCAGGATGTTAT-1",25497,6092
"CGACTTTGTATAGCCT-1",3051,1527
"CGAGACCCTAGAGTGT-1",30951,6579
"CGAGACTACTGCTGCT-1",49947,8365
"CGAGAGATGTGAACCT-1",38646,7429
"CGAGAGCGCGTAGATA-1",40488,7926
"CGAGAGCTTTCACTAC-1",29197,6638
"CGAGAGGGTAGCCGCG-1",13034,3849
"CGAGCTGGGCTTTAGG-1",12003,3449
"CGAGGCTAAATATGGC-1",44706,7713
"CGAGGGACTGCGGTCG-1",28604,6423
"CGAGGGTATCCAGGTG-1",44229,7883
"CGAGTACTAAAGAGGA-1",31819,6781
"CGAGTGAAGGTACCAG-1",20438,5684
"CGAGTTCTGTCCCACC-1",23046,5941
"CGAGTTTATCGGACTG-1",15068,4481
"CGATACCTCGCGGACA-1",40464,7500
"CGATAGTCGTACTGCA-1",32990,6973
"CGATCCGACCCAGTGC-1",41837,7446
"CGATCTGTTGGAGGAC-1",10517,4296
"CGATGGACCCTACGCC-1",25757,6223
"CGATGTTGTTATCTAC-1",25562,6449
"CGATTAAATATCTCCT-1",29152,6555
"CGATTCGCCTGGCTGC-1",20190,5607
"CGCAAACACGAGTTAC-1",16235,4483
"CGCAATTAGGGTAATA-1",30112,6496
"CGCACATGTCCACTAC-1",22493,5742
"CGCACGTGCGCTATCA-1",22716,5862
"CGCAGATCTTCACCCG-1",11886,3900
"CGCAGGCGATCCAAAC-1",2603,1271
"CGCATGCCGAATGCGT-1",38417,7558
"CGCATGGTGCGATGCT-1",35451,7085
"CGCATTAGCTAATAGG-1",31716,6647
"CGCCACAGGTCGCGAT-1",31187,7350
"CGCCATCCGATTATGA-1",31693,6633
"CGCCCAGCACGCCTAG-1",42732,7719
"CGCCCAGCGTTTCACG-1",26398,6209
"CGCCCGCTTCCGTACA-1",25025,5863
"CGCCGCCCATGCCTGT-1",18729,5096
"CGCCGTTCAGCATAGT-1",9343,3371
"CGCCTCCCTCCTCTAT-1",13777,4150
"CGCCTGGCCTACGTAA-1",32320,6685
"CGCGAAGTGGCATACT-1",38587,7716
"CGCGACCGCGACAGAT-1",25030,6132
"CGCGAGAGGGACTTGT-1",39357,7702
"CGCGAGTCTGCCGGGT-1",35923,7739
"CGCGCAAATGTCCAGA-1",37010,7556
"CGCGCATGTTTGATTG-1",36124,7195
"CGCGCCCGACTTAATA-1",32828,6955
"CGCGGCTCAACTTGAA-1",11727,3860
"CGCGGGAATTAGGCAG-1",30911,6769
"CGCGGGAATTCCTTTC-1",28749,6477
"CGCGGTCACAAACCAA-1",40451,7540
"CGCGTTCATGAAATAC-1",33343,6766
"CGCTACGGGACATTTA-1",38588,7461
"CGCTAGAGACCGCTGC-1",18512,5431
"CGCTATTCTTAGGCTC-1",8218,2964
"CGCTCTCCGTAGATTA-1",27403,6402
"CGCTGGTGACTACCCT-1",9083,3393
"CGCTGTGACGCCGCAC-1",27078,6133
"CGCTGTGTGGATGTTG-1",15574,4050
"CGCTTATTCCCGGTCG-1",28296,6359
"CGCTTCGGTCTAAGAC-1",29701,6900
"CGCTTTCTTGCATTCG-1",5953,2447
"CGGAAAGAATCAAACG-1",49575,7994
"CGGAACGTAAACATAG-1",31682,6655
"CGGACCTTTACGTCCC-1",28828,6343
"CGGACGTTACTTGAAG-1",35925,7568
"CGGAGCAATTTAATCG-1",41159,7857
"CGGAGCATGGCGATCC-1",34275,6963
"CGGAGTTTGAGAGACA-1",24514,5795
"CGGATCCTCAAGGACT-1",27401,6410
"CGGCAAACATCGTGCG-1",38864,7534
"CGGCAATAAGATCGCC-1",4394,1973
"CGGCAGGGTCGGGTTG-1",9583,3343
"CGGCCACGCACAAAGT-1",47229,7904
"CGGCCCAACCTGTAGT-1",43018,7416
"CGGCCCAGGTATATCC-1",11281,3504
"CGGCGCCATCAATCCC-1",27912,6830
"CGGCTCTAAAGCTGCA-1",20447,5519
"CGGGAATATAGTATAC-1",8610,3132
"CGGGAATTTATGTAAA-1",30118,6730
"CGGGAGCTTCAGTGTA-1",18413,5245
"CGGGATCAATGTAAGA-1",34243,6761
"CGGGCAGCTAAACCGC-1",41704,7252
"CGGGCCTTCTTTGTAA-1",36636,7327
"CGGGCGATGGATCACG-1",44639,7851
"CGGGTGTACCCATTTA-1",21415,5755
"CGGGTTTGTTAGGGCT-1",4441,1969
"CGGTACGGCAAACCCA-1",29885,6854
"CGGTACTAGAATCAAA-1",26833,6281
"CGGTAGAGGTGCAGGT-1",28789,6588
"CGGTATAGGTATTAGC-1",9915,3417
"CGGTCAAGTGGGAACC-1",37353,7145
"CGGTCCGTCGCAAGCC-1",17210,4412
"CGGTCTATCAACCCGT-1",32365,6828
"CGGTGAAGACTAAAGT-1",12738,3514
"CGGTGCAGATAGAACG-1",38818,7386
"CGGTGCGCGTTGGTCC-1",24819,5774
"CGGTGGGCTCCAGCCT-1",25562,6480
"CGGTTATCCAACAGTG-1",14152,4310
"CGGTTCAAGTAGGTGT-1",18183,5124
"CGGTTGACCTGGCATA-1",27411,6107
"CGTACCTGATAGGCCT-1",26859,6138
"CGTAGAGAGTAATTAT-1",41524,7828
"CGTATTAAGAGATCTA-1",38435,7005
"CGTCACGTCCATTGGT-1",29444,6519
"CGTCCTCATCGCGTGC-1",35633,7583
"CGTCGCATGTGAGCCA-1",34999,7391
"CGTCGGATAGTGTTGA-1",11212,3913
"CGTCGGGTCTAAGCGC-1",30557,7127
"CGTCGTCCTTCGCGAA-1",18880,5315
"CGTGAAGTTAATTCAC-1",22834,6026
"CGTGACATTGGGTCGT-1",10104,3397
"CGTGACCAGTCCTCTG-1",17830,4885
"CGTGCACACCACTGTA-1",17106,4923
"CGTGCAGACTGGGACA-1",7250,2916
"CGTGCATTGTCGACGC-1",27143,6145
"CGTGCCCTCCCGAAGA-1",17645,5095
"CGTGGCCGAATATCTA-1",14484,4678
"CGTGTATGGGAGCTGA-1",9524,3985
"CGTGTCCCATTCGCGA-1",14096,4286
"CGTTAAACTAGTTAGG-1",16168,4825
"CGTTAATGTCCCGACG-1",22678,6095
"CGTTAGCTCACAACTG-1",27210,6329
"CGTTATCATACTTCCA-1",29551,7234
"CGTTCAGACCCGCGAA-1",35627,7438
"CGTTCATGGTGCGCGT-1",27059,6839
"CGTTCTTCGCACACCT-1",27078,6269
"CGTTGAATACCGCGCT-1",25467,6120
"CGTTGAGCGACCGTCG-1",15712,4654
"CGTTGAGTAATTGCGT-1",10251,3520
"CGTTGTAAGATTGATT-1",1925,980
"CGTTGTCGGCAATTGA-1",33394,6966
"CGTTGTTTCAATTCCC-1",25601,6055
"CGTTTCACTTCGGGCG-1",23937,6103
"CGTTTCGCTCATTACA-1",35674,7029
"CGTTTGTGTAGAGGGT-1",30308,6603
"CTAAAGAATGCCTACT-1",37472,7125
"CTAAAGGGAAATAGGA-1",31075,6702
"CTAAATCCTATTCCGG-1",39204,7196
"CTAACAGCACAATAAC-1",22082,6244
"CTAACCGCGCGCCCGT-1",34550,6819
"CTAACGAAACTTGCTG-1",15345,4388
"CTAACTGATAATCGCC-1",18880,5188
"CTAACTGGTCCGGTTC-1",14105,4346
"CTAAGGGAATGATTGG-1",18607,5163
"CTAATTCGCACGCGCT-1",18651,4860
"CTAATTCTCAGATATT-1",9547,3493
"CTACACTCGCAGATGG-1",17437,4893
"CTACCCTAAGGTCATA-1",20687,5442
"CTACGACTAGCTATAA-1",25781,6033
"CTACGCACGGAGTACC-1",29702,6509
"CTACTATCATAGGTTT-1",25585,6757
"CTACTATCTTTCAGAG-1",17425,5292
"CTACTCAAGGTATAGT-1",10309,3284
"CTACTCTAGGCCCGGC-1",7274,2503
"CTACTGCCACCTGACC-1",29615,6370
"CTAGATGTGAGTGTAA-1",19653,5010
"CTAGATTTACGACGGC-1",15109,4508
"CTAGCATAGTATAATG-1",33383,6946
"CTAGCCGATGTTATGA-1",23211,6000
"CTAGGCGCCCTATCAG-1",14442,4608
"CTAGGTCTGAAGGAAT-1",24919,6159
"CTAGGTTCGGACGTGA-1",29918,6709
"CTAGTAGAAAGGGATT-1",38735,7489
"CTAGTCACGTCTTAAG-1",16057,4654
"CTAGTGAAGGACAGGA-1",26761,6126
"CTAGTTACAACCCGGT-1",34618,7181
"CTAGTTGGGCCCGGTA-1",32198,6712
"CTATAAGAGCCAATCG-1",18776,5367
"CTATACTTAAAGCGAG-1",19063,6046
"CTATCGACGAAATACA-1",16839,5102
"CTATCGGGTCTCAACA-1",18222,4783
"CTATGCCCGAATGCAA-1",49667,8052
"CTATGGGAAGCGGAAT-1",7039,2785
"CTATGTCACTAGCCCA-1",32724,6745
"CTATGTGAGTCACGGC-1",27199,6726
"CTATTCATGTGTCCCA-1",24740,6233
"CTATTGTGTTTGGTCA-1",22885,6117
"CTATTTGCTTGGAGGA-1",27086,6222
"CTATTTGGTTACGGAT-1",24779,6011
"CTCAACTAACCCGGAT-1",45447,8063
"CTCAAGACATTAGCGC-1",33454,7176
"CTCACATTTACTAAAT-1",22218,5516
"CTCACTGTGATACTTA-1",32536,7139
"CTCACTTGGCTGGTAA-1",27651,6204
"CTCAGATTGTGATAAG-1",28609,6875
"CTCAGTCACGACAAAT-1",25987,6194
"CTCATAAATGTGTATA-1",28908,6813
"CTCATGGTAATTTGCG-1",23714,6394
"CTCATTGCTCTAACAA-1",25292,5923
"CTCATTTGATGGGCGG-1",24609,6060
"CTCCCTCCTTTCGATC-1",23714,6637
"CTCCGCCCACATGAGG-1",35741,7086
"CTCCGGCCTAATATGC-1",15243,4060
"CTCCTCCAGCTCACAC-1",15714,3919
"CTCCTTTACGCAAGTC-1",20451,5739
"CTCGAGACATACGATA-1",12131,4211
"CTCGAGGTCGAACAGT-1",35470,6865
"CTCGATATTTGCGAGC-1",21311,5693
"CTCGCACCTATATAGT-1",28845,6386
"CTCGCATTGCATAGCC-1",19522,5794
"CTCGCCGAATGTAGGG-1",30764,6649
"CTCGCTAGGTAAGCGA-1",37025,7375
"CTCGGTACCACTGCTC-1",23243,5762
"CTCGGTTGTCGGCCCT-1",23056,6066
"CTCGTCGAGGGCTCAT-1",21991,6144
"CTCGTCTGTGCCTTCG-1",47779,8165
"CTCGTTTCTAATGTTT-1",24348,6198
"CTCTAATGCATTGATC-1",6353,2915
"CTCTACACTGGCGATT-1",24775,6566
"CTCTAGCCCTCGGAAA-1",36056,7298
"CTCTATTTGGCTGCAG-1",21685,5704
"CTCTCACAATCGATGA-1",38037,7006
"CTCTCTAACTGCCTAG-1",16092,4849
"CTCTGGACGCCTGGTG-1",35409,7086
"CTCTTCTATTGACTGG-1",9211,3272
"CTCTTGTCCCGCTTGG-1",37047,7194
"CTGAAAGAGATCCGAC-1",25269,6105
"CTGAATCCGAGACCTC-1",31509,6819
"CTGAATTTATTGCCAG-1",23861,6034
"CTGACTGCGCAGCTCG-1",15206,4475
"CTGCAAGCACGTTCCG-1",31539,6616
"CTGCACAACTACATAT-1",29751,6533
"CTGCACTCCAGTACAG-1",23804,6013
"CTGCAGAGAATCAGAG-1",35959,7209
"CTGCCAAGGTTGGAAG-1",25144,6033
"CTGCCATGCATCACAT-1",23885,5998
"CTGCCTTTCTAGTAAA-1",18359,5126
"CTGCGACCTCGCCGAA-1",29589,6402
"CTGCGTTACGATATAA-1",28715,6519
"CTGCTGAGGCCACGAA-1",29406,6700
"CTGCTTGGCGATAGCT-1",19311,5184
"CTGCTTTATGTCCGCG-1",34780,7167
"CTGGAAATGGATGCTT-1",36526,7021
"CTGGAAGACACGGTGG-1",22809,5620
"CTGGACGCAGTCCGGC-1",35268,7577
"CTGGATTTACACTTGA-1",36553,7315
"CTGGCATCCGAATGAG-1",21967,6113
"CTGGCGACATAAGTCC-1",25760,6116
"CTGGCGATTTACATGT-1",45767,8188
"CTGGCGCACAGGTCTG-1",25047,6131
"CTGGCTGATTCATCCT-1",18077,5383
"CTGGCTGGTTGTCAGT-1",30332,6780
"CTGGGATAAATAATGG-1",31696,6749
"CTGGGCCTGCTATATC-1",31308,6605
"CTGGGTAGGCAGTTAA-1",15578,4620
"CTGGGTTGAGTTAAAG-1",40686,7924
"CTGGTAAAGACTTACA-1",60529,8920
"CTGGTAACACATAGAA-1",19017,5302
"CTGGTAACGAGCTCTT-1",6298,2354
"CTGGTTTCGAGCAAGA-1",15928,4737
"CTGTACTTCTTAGCAT-1",35047,7201
"CTGTAGCCATCTCACT-1",34372,6904
"CTGTCAAATGGCTCGG-1",38245,7288
"CTGTGCAGGGTAGGTC-1",22743,5686
"CTGTGGTCGGGAGATA-1",28564,6603
"CTGTTACCCAATCTAG-1",19486,5338
"CTGTTCACTGCCTGTG-1",24114,5676
"CTTAACTTACAGTATA-1",43667,8195
"CTTAAGCAGCGAGCCG-1",36488,7830
"CTTACACGGTATTCCA-1",28889,6294
"CTTAGCCTTCCACATG-1",31663,6753
"CTTAGGTATAGACCAG-1",12198,4587
"CTTAGTAGGCCTACAG-1",14543,4194
"CTTAGTGTAGTAGCAT-1",20612,5625
"CTTATGCGCTCAGGGC-1",30634,7176
"CTTCAACTCCACTTGG-1",19288,5407
"CTTCAGTGGTCGCCTA-1",27114,6577
"CTTCAGTTGGACAACG-1",11508,4170
"CTTCATTGTCAGTGGA-1",33373,6993
"CTTCCGCTCCGTGAAG-1",18512,4898
"CTTCGATTGCGCAAGC-1",44106,8139
"CTTCGGCCAATTGTTT-1",2412,1152
"CTTCGTAGATAGGTGA-1",34727,7052
"CTTCTATGTTGAAGTA-1",13555,4321
"CTTCTATTAATGCTAG-1",22367,5732
"CTTGAGTTAGGGTAAT-1",17137,4927
"CTTGATGACCATCCAG-1",37139,7652
"CTTGCAACCGCCTCCT-1",19125,5021
"CTTGCCCACCCACGCA-1",39692,7766
"CTTGCCCAGGCTCTAC-1",31178,6778
"CTTGGCCAAGCTGGGA-1",40423,7457
"CTTGTACTTGTTGACT-1",18757,4866
"CTTGTCAACATTCGAG-1",5058,2167
"CTTGTGCTCACCGATT-1",22256,5815
"CTTGTTGCTGAGTCAA-1",16727,4697
"CTTTAACTTTCAAAGG-1",32947,6602
"CTTTAATATTGGTCGA-1",21124,5703
"CTTTACCGAATAGTAG-1",22919,5870
"CTTTAGGAACACTGTT-1",8977,3177
"CTTTAGTGCTATTATT-1",19961,5431
"CTTTCTGTGCGGGCTT-1",22406,5919
"CTTTGACGTCGCTTCT-1",36947,7704
"CTTTGCATCGCTCTTG-1",20753,5929
"CTTTGGCTTTAGTAAA-1",31038,6592
"CTTTGTCGAATGCTCC-1",13372,4489
"GAAACAGATGACCACC-1",15990,4657
"GAAACATAGGAAACAG-1",33155,7668
"GAAACCATGGTGCGCT-1",8707,2981
"GAAACCGAATTACCTT-1",42271,7590
"GAAACCTATACAAATG-1",52765,8229
"GAAAGAACAGCGTTAT-1",24354,6411
"GAAAGCAGTGCACTTT-1",39573,7146
"GAAAGCCCTTTGGACC-1",8545,2930
"GAAATATCACCATCAG-1",8565,2901
"GAAATATGCTTGAATG-1",34285,7232
"GAAATCGCGCGCAACT-1",26387,5823
"GAAATGGCGGTGTTAG-1",38542,7245
"GAAATTAGCACGGATA-1",28813,6737
"GAAATTGTCTCTATAA-1",44808,7992
"GAACAACTGGGATGAA-1",48722,8260
"GAACACACATCAACCA-1",35874,6851
"GAACAGATTACTAAAT-1",35665,7326
"GAACCCTCTGTGTTCT-1",26666,6233
"GAACCTCGACCTACAC-1",33808,7025
"GAACCTTTAACGATCC-1",29519,6669
"GAACGACCGAATGATA-1",27201,6138
"GAACGCGGGTCACACG-1",21171,5693
"GAACGTCTCATGGTCG-1",22365,5124
"GAAGAAACGATATTGT-1",28359,6884
"GAAGCCACTGATTATG-1",30094,6637
"GAAGCCTGCACATTCC-1",29339,6299
"GAAGCGTGAGGAATTT-1",35635,7166
"GAAGCTCGGACCCGTC-1",36424,7413
"GAAGCTTGCTGACCGC-1",23716,5633
"GAAGGAGTCGAGTGCG-1",25563,6065
"GAAGTCAGTTGCACTA-1",43464,7915
"GAAGTCTCCCTAGCGA-1",18575,5263
"GAAGTGATTTATCGTG-1",42906,7783
"GAAGTTTCCACTCAAT-1",38904,7191
"GAATAGACGCGACCCA-1",23717,5920
"GAATAGCCCTGCGGTC-1",36491,7289
"GAATCGACATGGTCAC-1",29913,6202
"GAATCTGAACATTCTC-1",31814,6863
"GAATGCGAATCGGTTC-1",29003,6449
"GAATGGGCTTATCGAC-1",23961,6187
"GAATGTATGGCAGGTC-1",21976,5850
"GAATGTGGTCCGGATT-1",15962,4679
"GAATGTTGGGTAATCT-1",34833,7176
"GAATTATAGTGAAAGG-1",33868,7019
"GAATTCACCCGGGTGT-1",51462,8075
"GAATTTCTCGCTGCAG-1",10809,3122
"GACAAACATATGCAGG-1",7142,2339
"GACAACGACCATTGAA-1",35993,6914
"GACAACGCAGCTTACG-1",16573,4567
"GACACAAGGGAAGAAA-1",43564,7693
"GACACAGCCGGGACTG-1",54216,8610
"GACACTGAGTTCAGTG-1",38508,7442
"GACACTGGAACCCGAT-1",3220,1371
"GACACTTCCAATTACC-1",50884,8463
"GACAGATTTCTGGCTC-1",30101,7103
"GACAGCCAGACCTGAC-1",22852,5829
"GACAGGCACACACTAT-1",15436,4225
"GACATCCGTCGAACTG-1",29801,6495
"GACATCGATTTATAAC-1",29473,6573
"GACCAAACGTTGACTG-1",22504,5612
"GACCACACTTCCCTTT-1",49439,8375
"GACCAGAGCCCTGTAG-1",37155,6854
"GACCCAATTATGATAC-1",31779,7357
"GACCGACGTGAAAGCA-1",1801,958
"GACCGACTGAAGCGTC-1",8216,2680
"GACCGCGTCTGACGTG-1",7448,2912
"GACCGTGCTGACGGTG-1",39321,7365
"GACCGTTACATGCGAC-1",12121,4607
"GACCTTCCACGTCTAC-1",27611,6439
"GACGACGATCCGCGTT-1",28457,6586
"GACGAGGCTAATAAAC-1",17318,4902
"GACGCATACCCGTCGG-1",11616,4445
"GACGCCGTAAAGGCTA-1",41111,7483
"GACGCTTGCTTCTAAA-1",42053,7375
"GACGGGTTGGCCCGTA-1",24431,5367
"GACGGTCAATAGAAGC-1",12297,4257
"GACGTGTAGGGATTAT-1",1918,1020
"GACTAAGATCATGCAC-1",25092,5712
"GACTAAGTAGGCTCAC-1",23977,5602
"GACTACAAAGCGGTGG-1",23552,6297
"GACTAGGCCGTTAGGT-1",32217,6889
"GACTCACCCACGTGAG-1",6240,2285
"GACTCCCAGAATAAGG-1",19188,4925
"GACTCCTTCCAATTGA-1",18309,5118
"GACTCGCGGGAATGAC-1",16024,4790
"GACTGCAAATCGAGCT-1",28718,6569
"GACTGCACCAGCCCAG-1",22323,5496
"GAGAACGGTTCTGACT-1",37751,7626
"GAGACCCTGCAACGCC-1",31069,6714
"GAGACTGATGGGTAGA-1",36264,7276
"GAGACTTCGCGACCGA-1",45866,7813
"GAGAGGGCGCGAGGTT-1",41444,7466
"GAGAGGTGCATTCTGG-1",34118,6906
"GAGATCTGCTTGGCAT-1",35518,6873
"GAGATCTGTCACTCCG-1",28845,6313
"GAGATCTTCCATGACA-1",18678,5099
"GAGATGGCTTTAATCA-1",45186,8084
"GAGATGGGAGTCGACA-1",28822,6525
"GAGCACCTGTGTCCAG-1",23042,5899
"GAGCCAGCTACCTGTG-1",16361,4732
"GAGCCGAGCGTTTATT-1",30443,6959
"GAGCGCAAATACTCCG-1",7717,2717
"GAGCGCGCACGAGTAG-1",10832,3781
"GAGCGCTGTTAGGTAA-1",19389,5885
"GAGCTAAGGGCATATC-1",26386,6279
"GAGCTGTCGTCTCGGA-1",33884,7081
"GAGGAATGGAGAGGTT-1",12156,3596
"GAGGATAAACAGTGCT-1",23088,5573
"GAGGCCCGACTCCGCA-1",30266,7022
"GAGGCCTGTTGATACA-1",43348,7812
"GAGGCTATCAAAGTCG-1",32691,6551
"GAGGGCGCAGCTCTGC-1",24907,6224
"GAGGTACGCGTGTCCC-1",51699,8203
"GAGTAAGGCCACGGGA-1",36323,8106
"GAGTAGATACTAGTTG-1",27522,6277
"GAGTATGCCCGCCTTG-1",30097,6608
"GAGTATGCGCGTGCAT-1",23472,5231
"GAGTCAGACCAGAATC-1",39808,7379
"GAGTCCGCTTACCGGA-1",19551,5152
"GAGTCTTGTAAAGGAC-1",44464,8390
"GAGTGTCAACCAGAAA-1",42711,7813
"GAGTGTGCGGTACCCA-1",20741,5500
"GAGTTCTGTGGGTGCT-1",10783,4126
"GAGTTGATGGCAATTT-1",27433,6865
"GATAACTCGCACTGTG-1",17647,5312
"GATACGATGGGAGTCA-1",32568,6782
"GATAGATAGTACAGTC-1",39111,7513
"GATAGGTAACGTTGAC-1",33247,7139
"GATATCAAGCAGGAGC-1",13035,4711
"GATATGAGACACTAAC-1",29021,6614
"GATATGCGGTAGCCAA-1",30928,6883
"GATATTGAGATTGGCG-1",16835,5130
"GATATTTCCTACATGG-1",27466,6423
"GATCATTCCAAACATT-1",47911,7634
"GATCCCTTTATACTGC-1",31316,6440
"GATCCGGGAATTAACA-1",26450,6052
"GATCCTAAATCGGGAC-1",21223,5505
"GATCCTCGACACTGGC-1",15355,5049
"GATCGACACTATCTGA-1",27079,6036
"GATCGCGGGCTCTCCA-1",39432,7425
"GATCGCTACCCGATTT-1",10428,3637
"GATCGCTATATCTCAG-1",18238,5750
"GATCGGATAGAACCAT-1",38148,7459
"GATCGGTGGCCATAAC-1",43495,7508
"GATCGTGACTGATATC-1",12670,3992
"GATCTAACCGTATTCA-1",33736,7325
"GATCTGCTATCTAAGG-1",35539,7381
"GATCTTGGAGGGCATA-1",19699,5054
"GATCTTTGCAGGGTAT-1",30583,6519
"GATGACAAGTAGGGCA-1",9649,3413
"GATGACGATGATCGCG-1",47152,8022
"GATGAGGAACCTTCGG-1",37053,7318
"GATGCCTTCTGCGGCA-1",32088,7333
"GATGCGTCCTGCATTC-1",36073,7197
"GATGCTGTATTTCATC-1",11372,3774
"GATGTAACGAACCACC-1",30594,7116
"GATGTTCAATCCACGA-1",37347,7218
"GATTAACCGAAAGCCC-1",29873,6684
"GATTACTGAATTTGGG-1",31666,6762
"GATTCCCTTGTCGCAG-1",32295,6805
"GATTCCGCGTTTCCGT-1",12678,3821
"GATTCGACGGTTCACG-1",14462,4327
"GATTGGGAAAGGTTGT-1",37777,7356
"GCAAACCCTACATTAT-1",12255,3972
"GCAAACCTTGGCCATA-1",41293,7664
"GCAAATATTACGCTTT-1",42242,7539
"GCAAATGAGGACACTT-1",28853,6332
"GCAACACACTAGAACT-1",36735,7809
"GCAACAGCAGTATGCG-1",10700,3693
"GCAACCACCAGACCGG-1",29272,6623
"GCAACCACGGCCGCGT-1",40064,7447
"GCAACGGCTAGTTATG-1",13956,4448
"GCAAGAATTCCTTGGC-1",36719,7108
"GCAAGATGTGTTCGCG-1",18788,5108
"GCAAGCTGGAAACCGC-1",19599,5720
"GCAAGTGCACAGAGAA-1",28242,5854
"GCACAAACGAGGCGTG-1",24186,6068
"GCACAACCTCGGGCGT-1",34420,7339
"GCACACACTGGTAGCC-1",6355,2543
"GCACCTAGGCGAGTCC-1",48978,8427
"GCACGCCGATTCCCGC-1",28031,6062
"GCACGCCTACTTAGAT-1",15312,4468
"GCACGTGGTTTACTTA-1",32786,7204
"GCACTGCCTACCTTTA-1",31535,6725
"GCAGACCCAGCACGTA-1",26821,6939
"GCAGATCCATAAGACT-1",20415,5330
"GCAGATTAGGGATATC-1",20505,5460
"GCAGCACACAGCCCAG-1",39559,7256
"GCAGCCTATATCACAT-1",2252,1078
"GCAGCTATGGACAGGT-1",37894,7553
"GCAGCTGTCAACGCAT-1",36242,7240
"GCAGGAACTTAGATCT-1",32935,7368
"GCAGGACTATAGAATA-1",35392,6913
"GCAGGTAGAGTATGGT-1",27106,6525
"GCAGTGTGGCTATAGG-1",25075,6373
"GCATAGAGCACTCAGG-1",34654,7224
"GCATCGGCCGTGTAGG-1",746,440
"GCATGAGGGACGCGGC-1",12150,3585
"GCATGCTAATAACGAT-1",48406,8393
"GCATGGGTACTGACGC-1",25433,5991
"GCATTCAAGGCAACGC-1",8634,2971
"GCATTGACTTGCGGAA-1",30038,7365
"GCATTGTAATTCATAT-1",13634,4505
"GCATTTCCAAGGCTCC-1",22705,5621
"GCCAACCATTTCCGGA-1",3549,1602
"GCCAAGAATACTTCTG-1",39507,8133
"GCCAATAGGGCATCTC-1",14123,4502
"GCCACAATTTAAGGAC-1",38383,7229
"GCCACTCAGAGCGCGA-1",29756,7038
"GCCAGGAGTAACCGAT-1",27120,6289
"GCCATATTGCACACAG-1",25542,5941
"GCCATCGAGCTGCGTG-1",19979,4964
"GCCATCGATGCTGCAT-1",29383,6384
"GCCATTAGCCTCAAAC-1",25664,6283
"GCCCGACTTCTTCCCG-1",27166,6758
"GCCCGAGAGTCTAAAT-1",19670,6064
"GCCCGATCTGTGGTCG-1",17943,5222
"GCCCGCGCGTAAACGG-1",40807,7541
"GCCCGTAATACCTTCT-1",27865,6308
"GCCCTAGCCGTCGCGA-1",27877,6617
"GCCCTGAGGATGGGCT-1",27323,6183
"GCCGAAATTCCTACGT-1",41722,7327
"GCCGATTGGCCAAGCT-1",25611,6196
"GCCGCTTGTGAGAAAC-1",44175,7559
"GCCGGGTTAGGGTCGC-1",17081,5060
"GCCGTGGAAGAAATGT-1",17238,5186
"GCCTACGTTCTGTGCA-1",34282,7094
"GCCTATAGTGTCAGGG-1",19121,5261
"GCCTATGCTGGGCCTT-1",34288,7113
"GCCTCATCTGGAAATA-1",17656,4965
"GCCTCCGACAATTCAC-1",23252,5969
"GCCTCTATACATAGCA-1",21009,5652
"GCCTTTGTCAGTGGAC-1",10142,4094
"GCGAAACGATCGGGAG-1",7828,3064
"GCGAAACTTAACTGGA-1",30422,6563
"GCGAAGAATCTGACGG-1",37195,7344
"GCGAAGCCATACCCGT-1",38585,7066
"GCGACATGTAAACATC-1",3332,1568
"GCGACGATAGTTGTAC-1",36192,7385
"GCGAGAGGCCATGTAA-1",37262,7510
"GCGAGAGTTGCGTCCA-1",7424,3049
"GCGAGCGCATGCTCCC-1",2455,1213
"GCGAGGCCCGAGCAGA-1",51718,8088
"GCGAGTTCTGCAAAGA-1",46263,8046
"GCGATTGTTAACGTTA-1",16914,4727
"GCGCAAATATATTCAA-1",22371,5686
"GCGCAAGAGCGCGCTG-1",8206,2954
"GCGCATCCAGTCAGCA-1",6086,2607
"GCGCCGTTCCACGATA-1",19075,5398
"GCGCCTCCCACTCCGA-1",14981,4390
"GCGCGGTCTAGTAACT-1",23876,5624
"GCGCGTCATTGGTACA-1",20869,5677
"GCGCTAATTGAATAGA-1",18886,4829
"GCGCTATGCCGAGGCA-1",39546,7430
"GCGCTGATCCAGACTC-1",37942,7235
"GCGCTGCTTTGCATTT-1",13667,4245
"GCGCTTAAATAATTGG-1",33767,7180
"GCGGACCGCGTTGTGG-1",19046,5107
"GCGGAGAAACTTCGCA-1",9029,3200
"GCGGAGAGGGAGAACG-1",22817,5761
"GCGGATTACTTGTTCT-1",23231,6104
"GCGGCAAAGTATTGCC-1",17790,5335
"GCGGCTCTGACGTACC-1",31233,6639
"GCGGCTTTAGCAAGTT-1",37861,7495
"GCGGGCGAGCCTTACC-1",34650,6904
"GCGGTCTTGCTTTCAC-1",32382,6911
"GCGGTGAACTGCGCTC-1",34489,7096
"GCGGTTCCCTATCATG-1",36729,7067
"GCGTAAATGGCCATAA-1",27012,6444
"GCGTCGAAATGTCGGT-1",11031,3514
"GCGTCGCCAGGGTGAT-1",23709,6089
"GCGTCTCTGCATTGGG-1",28300,6356
"GCGTGGTACTGGGTTA-1",13166,4474
"GCGTTCGGAGACCGGG-1",23523,6017
"GCTAACTGAAGTCTGA-1",13600,4459
"GCTAAGCCCAGTATGC-1",24286,5974
"GCTAAGTAGTTTCTCT-1",22902,5893
"GCTAATACCGAATGCC-1",19022,4338
"GCTACAATCGAGGATA-1",37231,7286
"GCTACAGTACGGACCG-1",20757,5262
"GCTACGACTTATTGGG-1",18567,5247
"GCTACTATAGTAGAGT-1",13807,4492
"GCTAGACCGTCTACTG-1",8934,2879
"GCTAGAGTAGAGATGT-1",15608,4587
"GCTAGCAGGGAGTGGG-1",27474,6503
"GCTAGCTTGAATAGCT-1",13968,4202
"GCTAGGCACCACGGAG-1",14513,4142
"GCTAGTAGAGCTTGTA-1",24682,6086
"GCTATACGTCTCGGAC-1",13402,4020
"GCTATCATACTCATGG-1",19820,5300
"GCTATGCCAGCTTATG-1",33851,7474
"GCTCAATCCGTTTATT-1",7442,2768
"GCTCAATGTAATACCG-1",42605,7616
"GCTCATTACTGCATGT-1",21624,5838
"GCTCCCAGTCGGTCCA-1",17788,5081
"GCTCCGCTCGCTTCAG-1",22936,5715
"GCTCCTGACATACTGG-1",11167,3882
"GCTCGCTCATGTCCAA-1",16847,5181
"GCTCGGAATTTAAAGC-1",37457,7267
"GCTCTAAACCCTGACG-1",29557,6421
"GCTCTATGTTACGTGC-1",26382,6085
"GCTCTCGGGTACCGAA-1",29134,6378
"GCTCTTTCCGCTAGTG-1",14694,4292
"GCTGAATCTTCCAATC-1",18200,5305
"GCTGAGGCGTGAGTAT-1",33166,7080
"GCTGCACGGTTTCTTA-1",20457,5432
"GCTGCTAAGTAGTCGA-1",43327,7903
"GCTGCTACTGCGTAGC-1",9707,3217
"GCTGCTCTCCGGACAC-1",36101,7002
"GCTGGACCCAAAGTGG-1",45269,7948
"GCTGGCATATTCACCT-1",23629,5669
"GCTGGCGGCGCATGCT-1",32486,7114
"GCTGGTGACTCGTAGT-1",23588,5173
"GCTGGTTTAGGCCATA-1",19095,5579
"GCTGTATTACTGGCCC-1",31464,6834
"GCTGTTGCTACCGAAC-1",20163,5388
"GCTTAATGTAACTAAC-1",27882,6345
"GCTTACGTAGTTAGTA-1",1097,612
"GCTTATGAAGCAGGAA-1",23988,6152
"GCTTCCATGTAACCGC-1",33783,7124
"GCTTCCGTCCCTAGAC-1",29211,6517
"GCTTGAGTGACCTCTG-1",55172,8625
"GCTTGGATCGATTAGG-1",9643,3629
"GCTTTCAGAGGAGGTG-1",17265,5109
"GGAAACCTTGTTGAAT-1",34405,7109
"GGAAACTAAATGGGCC-1",32816,6829
"GGAAAGTGCCCATGCC-1",32857,6860
"GGAACCGTGTAAATTG-1",31393,6693
"GGAACCTTGACTCTGC-1",31120,7140
"GGAACTTTGGCGATTA-1",33517,7034
"GGAATGCGCTAGCGTG-1",11846,3607
"GGACAACCATGAAGCC-1",48418,8506
"GGACACAAGTTTACAC-1",9006,3335
"GGACCAACAGGATAAC-1",35705,7246
"GGACCTACGGTAACGT-1",34865,7241
"GGACCTCTAGGCCGCC-1",17271,5095
"GGACGTCCATAGTTGG-1",38939,7462
"GGACTCTTTGACTAAG-1",41849,7846
"GGAGAAGTCATTGGCA-1",14808,3734
"GGAGACCATCTACATA-1",27112,6955
"GGAGACGACACCTTTG-1",26052,6136
"GGAGCAACATTTCAAG-1",15569,4762
"GGAGCACCAAGAACTA-1",40314,7331
"GGAGCGAGGCCTACTT-1",39615,7553
"GGAGGGCTTGGTTGGC-1",14045,4228
"GGAGTTGATTCTGTGT-1",36785,7607
"GGATCAGAGCCATCAG-1",42696,7959
"GGATCATCCCGTACGC-1",34555,7242
"GGATCCGGAATATACT-1",27604,6255
"GGATCTTGACTCAACC-1",27062,6705
"GGATGAAGATCGCTGA-1",16801,4977
"GGATGACGCGAGTTTA-1",32966,6770
"GGATGGCTTGAAGTAT-1",40080,7930
"GGATGTCCTTACCGCA-1",29194,6782
"GGATTAATCATGGACC-1",43972,7681
"GGATTCCGCTATACCC-1",34797,6911
"GGATTGCTGTGACTCC-1",26741,6359
"GGATTTCACTTCTATA-1",8465,3085
"GGCAAAGGCGCCAATA-1",9728,3326
"GGCAAATTACTTTACT-1",37482,7207
"GGCAAGCCCATAGTGG-1",25075,6022
"GGCAAGGCGAAATAGC-1",29298,6567
"GGCAATAGTCAATGAG-1",39981,7642
"GGCACGCTGCTACAGT-1",45451,8317
"GGCACTCCACTGGGCA-1",34101,6847
"GGCACTGCGGTGGTTT-1",40824,7918
"GGCAGCAAACCTATGC-1",9572,3185
"GGCAGCGGTAATCCTA-1",35153,7205
"GGCATACAGGTAGCGG-1",21581,5163
"GGCATATCGGTTCTGC-1",25503,5910
"GGCCAATTGTATAGAC-1",28522,7028
"GGCCCAGCTGGTTTGC-1",50340,8275
"GGCCCTCACCCACTTA-1",16811,4321
"GGCCGGCGTCTGCTAT-1",33674,7171
"GGCCGTTTGGGTTTCA-1",13115,3543
"GGCCTGCTTCTCCCGA-1",32063,6803
"GGCGAAATCTAACTTG-1",21930,5335
"GGCGAGCGAAACGGCA-1",36651,7771
"GGCGCAGGACATCTTC-1",28004,6113
"GGCGCATGAATTGATG-1",42007,7866
"GGCGCGGAGATCTTTC-1",24693,6120
"GGCGCGTTCGAGTTTA-1",30048,6760
"GGCGCTTCATTCCCTG-1",32084,6944
"GGCGGAGTAATATTAG-1",44373,7540
"GGCGGTAGGATCATTG-1",31498,6839
"GGCGTAGGGAAAGCTG-1",38044,7373
"GGCGTCCTATCCGCTG-1",22134,5258
"GGCTAAAGGGCGGGTC-1",27955,6592
"GGCTAATGATTGAAAT-1",28662,6626
"GGCTATTAAGTTGTAT-1",26498,5966
"GGCTCGCGTTGAGGTA-1",13198,4228
"GGCTCTGCTCCAACGC-1",30115,6640
"GGCTGAAATAGCAAAG-1",27395,6271
"GGCTTTCAATAAGGGT-1",25106,5917
"GGGAAAGAATGCCAAC-1",47619,8389
"GGGAACGGGAGGTTAG-1",28803,6498
"GGGAAGACGGTCTGTC-1",27882,6748
"GGGAAGGGCTTTCTCA-1",33525,7282
"GGGAATGAGCCCTCAC-1",30883,6726
"GGGACAGAGTTACTCC-1",18059,5170
"GGGACCCGTATATCTT-1",24541,5920
"GGGACTGCATAGATAG-1",36562,7182
"GGGAGAACTCACAGTA-1",42801,7580
"GGGAGCGACCGTAGTG-1",43239,8046
"GGGAGGATGCCCGAAA-1",48217,7966
"GGGAGTTAATGAGGCG-1",3384,1625
"GGGATGGTCGTAACCG-1",29920,6700
"GGGATTTACCGCACCT-1",15581,4692
"GGGCAACCGCACGTGC-1",34631,7470
"GGGCACTATTGACCAT-1",24423,6801
"GGGCAGACGTCACTGC-1",35904,7862
"GGGCAGAGCAATCGTT-1",36691,7049
"GGGCAGTCAACGCCAA-1",59635,8635
"GGGCCCGTCTTAAACA-1",48519,7997
"GGGCCGGCCGAAGTAC-1",33717,6963
"GGGCCTAAATGGGCTA-1",42878,8299
"GGGCGATATGTGTGAA-1",32170,6658
"GGGCGGCAAATGAATT-1",30899,6717
"GGGCGGGTTCCCTACG-1",27562,6423
"GGGCGTACATTTATAT-1",28657,6292
"GGGCGTCACCACGTAA-1",37031,7091
"GGGCGTCCACTGGCTC-1",21161,5453
"GGGCGTGGTTTCCCAG-1",27454,6522
"GGGCTACTATTTCGTG-1",24488,6746
"GGGCTATGATCGATGG-1",23986,5598
"GGGCTCATCGAACCCA-1",26515,6357
"GGGCTGCCTAGGGCGA-1",33240,6773
"GGGCTGGTTAGTCGCG-1",38793,7168
"GGGTACTTCATGAACT-1",36078,7235
"GGGTATGTATGCACTT-1",4237,1751
"GGGTATTCTAGCAAAC-1",40199,7645
"GGGTCACCGTGACGGT-1",45512,7710
"GGGTCAGGAGCTAGAT-1",17240,4583
"GGGTCGTGGCAAGTGT-1",8191,3367
"GGGTCTATCGCTTTCC-1",28099,6279
"GGGTGACACCTTAACT-1",33541,6897
"GGGTGCATATGAAAGC-1",36034,7101
"GGGTTAACATTTGAGT-1",37735,7199
"GGGTTTAGGATAGGAT-1",5363,2099
"GGTAAACTCTGCGCTG-1",31145,6770
"GGTAACCGGGAGGATA-1",36951,7472
"GGTACAAACATGCTAT-1",44313,7657
"GGTACCATTAAGACGG-1",23324,5842
"GGTACGTTGCGGCCGG-1",41407,8189
"GGTAGAAGACCGCCTG-1",23145,5873
"GGTAGACCGTTGGGCG-1",42042,7773
"GGTAGTGCTCGCACCA-1",13191,3916
"GGTATAGTGACACATA-1",34869,7091
"GGTATTGCCGAGTTTA-1",35976,7063
"GGTCAAGACTACTTCG-1",2634,1246
"GGTCAGTGGGTCCCAC-1",30899,6777
"GGTCGGATAAACGGCG-1",28052,6525
"GGTCGGCCAGGAGCTT-1",17661,4805
"GGTCGGTCGTCCACAG-1",25323,5651
"GGTCGTAAGCTCGCAC-1",25457,6921
"GGTCTCCGTCCAGGTT-1",30309,6939
"GGTCTCTGAATGGACT-1",11596,3983
"GGTCTGAGAATCTGGA-1",25304,6027
"GGTCTTGAGCGCTCTT-1",27532,6275
"GGTGAAGTACAGGGAT-1",31668,6716
"GGTGATAAGGAGCAGT-1",17724,5157
"GGTGCAGAGCCTATCG-1",27814,6637
"GGTGCTGGTACACATT-1",33276,6750
"GGTGGACTGCTCTGGC-1",15282,4568
"GGTGTAAATCGATTGT-1",47651,8274
"GGTTACCACCCTCGGG-1",29143,6567
"GGTTAGCTATATGTCT-1",16460,4910
"GGTTAGGCTTGGAGAA-1",20852,5370
"GGTTCGGATTATACTA-1",20346,5802
"GGTTCTACTCGTCTGA-1",11037,3785
"GGTTTAATTGAGCAGG-1",27728,6542
"GGTTTACAATCTCAAT-1",32393,6876
"GGTTTAGCCTTTCTTG-1",6605,2654
"GGTTTCAATCGGTCAG-1",23641,5986
"GGTTTGACAAGAAGCT-1",41059,7787
"GGTTTGTGACCTGAGG-1",37601,7498
"GTAACATCTAAGATAA-1",5404,2328
"GTAAGCGGGCAGTCAG-1",33241,6818
"GTAAGTAACAGTCTGG-1",20368,5432
"GTAAGTAGGGTATACC-1",13121,3749
"GTAATAAAGGGCTCCC-1",28701,5931
"GTAATCTGATTCTTCG-1",29759,6564
"GTACACTTACCTGAAG-1",14098,4133
"GTACAGAGGCAAGGGT-1",28428,6516
"GTACGAGATTGCGACA-1",23661,5678
"GTACGCTTCATTGCAC-1",21556,5613
"GTACGTCACGTATTAA-1",21423,5732
"GTACGTTTGCCCGTCA-1",21978,5762
"GTACTAAGATTTGGAG-1",27560,6327
"GTACTCCCTTATCGCT-1",25566,5716
"GTACTCCTGGGTATGC-1",17505,5242
"GTACTGGAGTTAGACC-1",23271,5833
"GTAGACACGCCTGACT-1",23758,5800
"GTAGAGGGAGACAAGT-1",13746,4526
"GTAGCCAAACATGGGA-1",32591,6988
"GTAGCGGCTATACACT-1",28616,6424
"GTAGCTTCCTCTTGTT-1",9248,3161
"GTAGGTGATCCGTGTA-1",22891,5800
"GTAGTCGCGGGAATCA-1",25887,6158
"GTAGTCTACGATATTG-1",26846,6442
"GTAGTGAGCAACCTCA-1",46726,8319
"GTATAGGACTCAGTAG-1",19427,5289
"GTATCAAACGTTAGCT-1",17784,4979
"GTATCCTTTGGTAACC-1",32317,7178
"GTATCTCAGTCTTGAC-1",16100,4819
"GTATCTTTCATAACCA-1",25276,6217
"GTATGAAATTTCACTC-1",35449,7680
"GTATGTGGGTCTAGTT-1",17286,4929
"GTATTCTGAGAAACGA-1",34886,6911
"GTCAAAGAAGTGGTGT-1",20157,5697
"GTCAACCAGGCCTATA-1",32717,7041
"GTCAAGCGGACTCGGG-1",17019,4933
"GTCAGAATAGTCTATG-1",21429,5163
"GTCATGCACCTCCGTT-1",32501,6674
"GTCATGCGCGAGGGCT-1",37815,7732
"GTCATGGACATGACTA-1",34391,7038
"GTCATTAGAGCGAACG-1",14325,4557
"GTCCAATATTTAGCCT-1",5659,2134
"GTCCATTACTGCTACG-1",5756,2102
"GTCCCAACGTAAAGTA-1",9054,2964
"GTCCCAATCATCCCGC-1",24956,5969
"GTCCCGCGACGTTATG-1",23086,5878
"GTCCGGACCTGAAATT-1",31333,6960
"GTCCGGCTGAATTGCG-1",25627,6056
"GTCCGGGTTCACATTA-1",45912,8053
"GTCCTACGAATAGTCT-1",5065,2161
"GTCCTACTCTACGGGC-1",15494,5013
"GTCGCCGTTGTGTGTT-1",35586,7041
"GTCGCGTAACCCGTTG-1",11576,3761
"GTCGGAAGGATACCAG-1",49424,8380
"GTCGGATATCTCAGAC-1",29739,6259
"GTCGGATGTAGCGCGC-1",23529,5922
"GTCGGGAACATGGTAG-1",29700,7088
"GTCGGGAAGCAGAAAC-1",27051,6340
"GTCGTACCATCTCGGG-1",20970,5800
"GTCGTACCTACGATTG-1",5261,2475
"GTCGTATTGGCGTACA-1",22982,5996
"GTCGTGTCTGGTCATC-1",963,576
"GTCGTTATTCGCTTAT-1",12236,4151
"GTCTAGTGAGCCGCTT-1",33578,7175
"GTCTATCTGAGTTTCT-1",34417,7074
"GTCTATTGCATGCTCG-1",28247,6675
"GTCTATTGGTTCCGGT-1",10417,3569
"GTCTCAAGGCCCGGCT-1",28005,6538
"GTCTCCCGAGTCCCGT-1",40634,8046
"GTCTCCTGCCAGTATG-1",30058,6955
"GTCTCGACTAAGTTTG-1",4558,1944
"GTCTCGATCTGCTTTC-1",25290,6181
"GTCTGGGCGGTCGAGA-1",39399,7377
"GTCTTACCACGCCAAG-1",30724,6601
"GTCTTGTAGCTATTCA-1",3426,1792
"GTGAAACGGCGCCACC-1",32097,6797
"GTGAACTCCCATTCGA-1",33824,5920
"GTGAAGATTTCAAGTG-1",17210,5131
"GTGAAGCCGTATAGTC-1",29176,6713
"GTGAAGTCACGACTCG-1",33041,7646
"GTGACAGCTTCCCACT-1",20413,5365
"GTGACCGCACACTACG-1",11712,3807
"GTGACGAGGGTGACCC-1",25136,5946
"GTGACGCAGGTTTCAT-1",26899,6237
"GTGACTTCAGTAGTGC-1",33523,6895
"GTGAGCGTGCTGCACT-1",12886,3579
"GTGAGGACACTTAAGG-1",20707,5525
"GTGAGGAGCGGTTGAG-1",7373,2492
"GTGAGTCGACTAATAG-1",50397,8690
"GTGAGTGGTACAACGC-1",40829,7616
"GTGATCACTAACGCCT-1",4400,1867
"GTGATCATAGATCTGC-1",21013,5313
"GTGATCCTTGTCATGA-1",28508,6572
"GTGATGCACAACATCT-1",13579,4034
"GTGATTCGCCGCTCAA-1",30284,6455
"GTGCACCAGCTTCAAC-1",12732,4208
"GTGCACGAAAGTGACT-1",15740,4396
"GTGCCATCACACGGTG-1",29333,6474
"GTGCCCGTTCGGATTC-1",14202,4507
"GTGCCGCTTCAAAGGT-1",40906,7533
"GTGCCTGAGACCAAAC-1",65093,9055
"GTGCGAAATCGAACAC-1",40261,7298
"GTGCGACAGGGAGTGT-1",22641,6021
"GTGCGGGTCTCCAAAT-1",20731,5335
"GTGCGTGTATATGAGC-1",23522,5907
"GTGCTCAAGTACTGTC-1",33494,6707
"GTGGAACCTACATGCG-1",9691,2938
"GTGGACCAACCCGATT-1",33184,6798
"GTGGACGCATTTGTCC-1",24736,6269
"GTGGAGCGTTTACCGA-1",25530,6264
"GTGGAGTCGGCGGTTG-1",15160,4310
"GTGGCAAACAGCGGCA-1",36986,7945
"GTGGCGGTCCCAGCGT-1",17372,5135
"GTGGCTGTTTCTGTTC-1",50005,8252
"GTGGGAAGACTGAATC-1",34504,7781
"GTGGGCTTAGACACAC-1",23902,5797
"GTGGGTACTGAGCGTA-1",26515,6854
"GTGGTATAGTCTGCCG-1",36163,7202
"GTGGTGGCCAAGTGAA-1",19016,5236
"GTGGTTACTTCTTTCG-1",36738,6381
"GTGGTTTCCGCCTTTC-1",25075,6151
"GTGTACCTTGGCTACG-1",27870,6469
"GTGTATATCAGCGGGC-1",19979,5530
"GTGTCGTATAGCGTTC-1",10683,3893
"GTGTGAATAACTTAGG-1",24718,6142
"GTGTTACTATGCGTCC-1",21519,5411
"GTTAAAGTAGGACTGG-1",9888,3224
"GTTAACATCACTTAAA-1",22506,5970
"GTTAACTATGTTGTCA-1",20534,5237
"GTTAAGGGTGCGATGT-1",18319,5146
"GTTACAATTGGTGACG-1",25397,5845
"GTTACCTACAACTTGC-1",24524,5967
"GTTACTTTGGGCCTAG-1",30566,6800
"GTTAGCCCATGACATC-1",23175,5640
"GTTAGCCGTAAATCAA-1",58619,8443
"GTTAGGCTACCCGTTT-1",30478,7036
"GTTATAATACGGTGAA-1",1438,733
"GTTATATCAGGAGCCA-1",8122,2974
"GTTATATTATCTCCCT-1",36879,7190
"GTTATCAAGCTATCGA-1",41097,7982
"GTTCACAGGAGTCTAG-1",23361,5551
"GTTCATCGTTTGGCTG-1",35757,6384
"GTTCGCCATAAGTGCC-1",34876,7110
"GTTCGCTGAGACGTCT-1",2258,1145
"GTTCGGATCGGGAACA-1",16145,4697
"GTTCGGGCGTACCATT-1",5239,2240
"GTTCGTCTAAAGAACT-1",18187,5146
"GTTGAACCGGTTCCAT-1",36580,7304
"GTTGAGTCCCGCCGGT-1",24380,6054
"GTTGCACGGAGTTTCG-1",23828,5663
"GTTGGACCGCATCAGG-1",22682,5840
"GTTGGATTCAGTGGCT-1",23031,6050
"GTTGGATTGAGAACAC-1",19703,5300
"GTTGGATTTGCGTTGG-1",36919,7216
"GTTGGTCATGCTATCC-1",26943,6468
"GTTTACGTTCCATCTG-1",23634,6122
"GTTTCAAACGAGTTGT-1",40100,7697
"GTTTCATATCGTCGCT-1",28140,6350
"GTTTCCTGGAGGGTGA-1",23339,5781
"GTTTCTAGAGGCGCGG-1",49934,8360
"GTTTCTGCAGTCTCCC-1",16379,4630
"GTTTGACCAAATCCTA-1",39380,7061
"GTTTGGCCCAAGTTAT-1",22731,5753
"GTTTGGGCTTGTGAGC-1",24885,6197
"GTTTGGGTTTCGCCCG-1",17894,5245
"GTTTGGTAGGGTCAAC-1",40592,7670
"GTTTGTTAGCCAAGTA-1",24546,6479
"TAAACCCAGGAGGGCA-1",19490,5293
"TAAAGCGGTATTTCCA-1",7516,2312
"TAAAGCGTTAGGAGAA-1",28202,6382
"TAAAGCTGCAATAGGG-1",40157,7826
"TAAATGCCGTCTCATG-1",17042,4879
"TAACATACAATGTGGG-1",26527,6277
"TAACATACACGCGATC-1",32126,7203
"TAACCTACCGTCCGAG-1",17827,5610
"TAACCTAGGGAGTCCA-1",37738,7515
"TAACTATTACGCCAAA-1",13066,4048
"TAACTCATCCGCGCGG-1",38244,7205
"TAAGAGGGACAGGGAC-1",10255,4191
"TAAGCCCTTACGACCA-1",37271,7583
"TAAGGCAACATAAGAT-1",39896,7443
"TAAGGCATAACATCAA-1",44011,7426
"TAAGGCCCGTCACCCT-1",21346,5704
"TAAGGCTGAATCCCTC-1",14145,4364
"TAAGGGCCTGTCCGAT-1",20523,5343
"TAAGTAACATCTTGAC-1",35823,7278
"TAAGTCGCCGAGTATC-1",9439,3322
"TAAGTTGCGACGTAGG-1",12854,4295
"TAATAAACAAGGAGAT-1",34240,7163
"TAATACACAGTAGTAT-1",29961,6461
"TAATACTAGAACAGAC-1",50765,8357
"TAATAGAACAGAGTTA-1",24605,6020
"TAATAGGTCACCAGAA-1",17730,5549
"TAATAGTGACGACCAG-1",25260,6186
"TAATCGATCCGTACGT-1",24748,6200
"TAATTACGTCAGTAGA-1",31123,6712
"TAATTAGGACATCCGT-1",4090,1678
"TAATTGGAATCGGGAA-1",36718,7519
"TAATTTCCGTCCAGTA-1",21147,5995
"TACAACAGCGCATACA-1",38950,7714
"TACAACGCACAACTCA-1",51933,8159
"TACAAGGGCTTCTTTA-1",33685,7253
"TACAAGTCTCGTGCAT-1",13314,3524
"TACACAGCCGTGGTGC-1",27645,6300
"TACACCTCTTCGAATC-1",37496,7305
"TACAGAAACGGTGGGC-1",30705,6895
"TACATAGGCATACACC-1",13973,4339
"TACATCCCTATCCCTG-1",24064,6680
"TACATTTCTAACGTGC-1",35592,7070
"TACCAAATAGCCCAGA-1",39098,7219
"TACCAATAAAGTACCA-1",30903,6665
"TACCAGAAGTAGGTTC-1",29506,6582
"TACCGAATAATTGTAA-1",46461,8519
"TACCGCGGACTTGCAG-1",18460,5469
"TACCGGCTCACTGCCC-1",28163,6444
"TACCGGTCGTTTCCAT-1",25782,6156
"TACCGTAGGTTAACTA-1",29825,6400
"TACCGTGCCTCGGACC-1",22664,5816
"TACCTACTCCCAGTAT-1",28697,6491
"TACCTATCCCTAGAGG-1",21218,5726
"TACCTCAGTTGTCTGT-1",20950,5219
"TACCTTAAGATTTCCC-1",14767,4940
"TACGAACACGACTTCA-1",34901,6695
"TACGACGCTTGCTGCG-1",34143,6840
"TACGACTGCCTCTTAG-1",17891,5004
"TACGAGAACTTCACGT-1",29811,6499
"TACGATGTTGATCATC-1",24333,5815
"TACGCAGTTCTTTCCT-1",29596,6514
"TACGCCATATTCTAAT-1",10260,3476
"TACGCCGAGGGTACCC-1",6646,2469
"TACGCCTCCATTCCGA-1",33864,7133
"TACGCTATAGAAACCT-1",44389,6988
"TACGCTCGGTATTGGA-1",32165,6854
"TACGGAAGCCAAACCA-1",50724,8241
"TACGGGATGCTAGCAG-1",35220,7226
"TACGGGTAATAACATA-1",27467,6687
"TACGTAAAGCGGAGTG-1",34344,7120
"TACGTGGGCCCAGGGC-1",49369,8217
"TACGTTTACCGGCAAT-1",25018,5976
"TACTACGTGCAATGCG-1",31394,6518
"TACTATGGTTCCTCAG-1",34509,6826
"TACTCGGCACGCCGGG-1",8719,2537
"TACTCGTTTGAATCAA-1",25770,6445
"TACTCTCCGAACAAAT-1",45191,8065
"TACTCTTACTTTACTG-1",25426,6154
"TACTCTTTCGTCTTCA-1",39180,7388
"TACTGAACAGATTTAG-1",34930,7092
"TACTGAGGGAAGAAAG-1",22199,6269
"TACTGCAATCAATTAC-1",27357,6520
"TACTGGACAGCTCGGC-1",22743,5388
"TACTTAAACATGTACA-1",45021,8369
"TACTTGTTAGTAGTCC-1",10610,3499
"TACTTTACTGAGCCGG-1",8115,2734
"TACTTTCCGCACGCCA-1",25742,6664
"TAGAAAGGTGGCGCTA-1",18192,4841
"TAGAATAGCCGATGAA-1",44432,8115
"TAGACGAAACGCCAAT-1",37666,7498
"TAGACGCCCGTACCGG-1",24965,6187
"TAGACTACCTAGCGTT-1",34799,6989
"TAGAGATCATGCAACT-1",19853,5152
"TAGAGGTTCTACTTGT-1",8438,3125
"TAGAGTCTAAGCGAAC-1",43362,7671
"TAGATATGGACTGGAA-1",39992,7497
"TAGATGGTTCCTTACT-1",21082,5875
"TAGCAGATACTTAGGG-1",11804,4134
"TAGCAGTATGACTAAA-1",37907,7816
"TAGCCATTTCAAAGTC-1",7868,2835
"TAGCCGGCGGTCAGCG-1",28301,6346
"TAGCGTCCCTCGATTG-1",9224,3279
"TAGCGTCCGGTGTGGT-1",19222,5145
"TAGCGTTGGGTCTTAC-1",19374,5202
"TAGCTAAGTCCGGGAG-1",40958,7226
"TAGCTAGAAGGCATGA-1",32885,6989
"TAGCTAGTGATGATGG-1",19787,4707
"TAGCTCGCCTGATAAC-1",38969,7438
"TAGCTGATGTGAAGCG-1",35654,7654
"TAGGAGGCTCGAGAAC-1",34362,7214
"TAGGCATGTTACGCCA-1",29900,6318
"TAGGCCTATATAGTCT-1",42360,8183
"TAGGCGATGAGGTCTC-1",16602,4957
"TAGGCTAAAGTGGCAC-1",42146,8085
"TAGGGAGCTTGGGATG-1",20632,5817
"TAGGGTGTTTCAAGAG-1",27538,6092
"TAGGTCGCCGGAACTG-1",21843,6342
"TAGGTGACGATAACCT-1",25307,6257
"TAGGTGAGCCCTACTC-1",24311,5811
"TAGGTGCTCGCCTAGC-1",17528,4933
"TAGGTGTTCCACAGAT-1",27248,6256
"TAGGTTCGAGTTCGTC-1",12141,3981
"TAGTACCACAACTTTC-1",13330,4833
"TAGTAGCTTATACCAG-1",10344,3418
"TAGTCCGCAGAGAATG-1",43022,7713
"TAGTCGATCACGGGTT-1",5834,2276
"TAGTCTAACAACGAGA-1",36338,7189
"TAGTCTGTGACGTTGC-1",18380,5410
"TAGTGCCCTCCAGAGT-1",35664,6881
"TATACACAGACGCCTT-1",25573,6243
"TATACGCGTCATCACT-1",21215,5605
"TATAGATGGTCGCAGT-1",17368,5308
"TATAGCGCACGTTATC-1",33886,7615
"TATATATCGAGAAATG-1",22963,6452
"TATATCCCTGGGAGGA-1",25810,6516
"TATATTACAAATGTCG-1",23076,6144
"TATCACCCAACCGACC-1",26423,6386
"TATCACTTCGAGTAAC-1",31673,7092
"TATCAGTGGCGTAGTC-1",20331,5651
"TATCCAATTGGTTATC-1",19284,5341
"TATCCATCTCGGTTAG-1",13819,5047
"TATCCGCACCGTCGGG-1",37422,7253
"TATCGATCTATGCATA-1",29035,6574
"TATCGATGATTAAACG-1",34155,6787
"TATCTACCACAGCGGG-1",25975,6332
"TATCTGAGCCGATATT-1",10169,4039
"TATCTTGCAATACAAC-1",20534,5403
"TATGAAGAATTAAGGT-1",43925,8202
"TATGACCTTGCGCTGG-1",36324,7915
"TATGATCCGGCACGCC-1",17602,4907
"TATGATCTTCTCTTTA-1",20354,5636
"TATGCTCCCTACTTAC-1",23442,6003
"TATGGATGTGCTACGC-1",24739,5799
"TATGGCCCGGCCTCGC-1",18534,4661
"TATGGGACCGAGCAGG-1",31686,6710
"TATGGGTACGTATCGT-1",37133,7227
"TATGGTCTGAGTAACA-1",40887,7636
"TATGGTTAGTGGGAGA-1",10067,3382
"TATGTAGAAACCCGGC-1",21302,6356
"TATGTCAAGACCGACT-1",26773,6394
"TATGTCTCATTGTGCC-1",20375,5498
"TATTAACACCAAAGCA-1",32461,7108
"TATTAACCTGACCGCG-1",39579,7490
"TATTACCATCCTGCTT-1",22270,5451
"TATTATGTTTGCCTGC-1",14011,4529
"TATTCAATTCTAATCC-1",6607,2571
"TATTCCACTCAGCTCG-1",37720,7363
"TATTCCGAGCTGTTAT-1",20276,5391
"TATTCCTCCGCCCACT-1",18174,5061
"TATTCGTGCCAGAATA-1",34045,6925
"TATTGCCGGGCTTGTA-1",38185,7625
"TATTTAGTCTAGATCG-1",13946,3847
"TATTTATACCGAGTAG-1",14214,4201
"TATTTGTTACCCTTTA-1",20445,5202
"TCAAACAACCGCGTCG-1",28559,6429
"TCAAACTTAGATTGTT-1",35110,7018
"TCAAAGAGCTATCTGT-1",32957,7670
"TCAAATTGTTGTGCCG-1",27250,6190
"TCAAATTTGAGACTCA-1",31728,7020
"TCAACAAAGATAATTC-1",26877,6126
"TCAACATAGCGCCCTA-1",26442,6058
"TCAACATCGACCGAGA-1",37645,7765
"TCAACCATGTTCGGGC-1",29156,6234
"TCAACGAGGAGACAAA-1",30374,6517
"TCAACGCAGGAAATAA-1",23114,6310
"TCAACGCGACCGGCAG-1",21664,5219
"TCAACTGCAGAGTCAG-1",10689,3694
"TCAAGAAATACTAGCT-1",6729,2857
"TCAAGCGCGGACGGTA-1",16699,4570
"TCAAGGTTACTACACC-1",6752,2584
"TCAATACGCCGTCATG-1",30592,6480
"TCAATCCGGGAAGTTT-1",24901,6311
"TCACAAACCGAGGTAC-1",45103,8229
"TCACAGCAAACTCGAA-1",36728,7222
"TCACAGGAGAATAAGA-1",43371,7589
"TCACAGGGAATCGCAA-1",21724,5703
"TCACAGGTTATTGGGC-1",35617,6960
"TCACCCTCTTAAGATT-1",23818,5977
"TCACCGCTCGGCACTC-1",9879,3305
"TCACGATGTCCGTGGA-1",26028,6222
"TCACGCATTGTAGATC-1",29377,6310
"TCACGGTCATCGCACA-1",21669,5447
"TCACGTGCCCGATTCA-1",15938,4530
"TCACTACGACCAATGC-1",21892,5649
"TCACTATCCCTTCGGT-1",44073,8069
"TCACTCGTGCAACGGC-1",28151,6537
"TCAGAACCTCCACAGG-1",28848,6210
"TCAGACGCTATAGAAG-1",26912,6399
"TCAGCAAATGCATCTC-1",35875,7082
"TCAGCCAATCCGTAAA-1",49423,8301
"TCAGCTTGAGCTTTCG-1",13824,4932
"TCAGGGTGTAACGTAA-1",32728,6804
"TCAGGTTCTTTGAGAA-1",28420,6312
"TCAGTACTGACCCGCG-1",14722,3770
"TCAGTAGGGACTATAA-1",25604,6115
"TCAGTGTATACGTCAT-1",12102,4140
"TCATATGAGCTTTGTT-1",34928,7255
"TCATCCTCAGCTGCTT-1",37338,7589
"TCATCGACGACCGTCG-1",26240,6496
"TCATCGATGGTCCCAA-1",32556,7105
"TCATGCAGGTTCTCAT-1",25863,6072
"TCATTTAAGTCTCCGA-1",18631,5346
"TCATTTAGAAGTGTGA-1",956,531
"TCCAACTCAGCTATCT-1",37106,7407
"TCCAACTTTAAATTCT-1",57531,8410
"TCCAAGCCTAGACACA-1",26462,6167
"TCCAATAAAGGCTACC-1",18773,4685
"TCCACAATGGTTTACG-1",22635,5522
"TCCACCAAGACATAGG-1",41392,8002
"TCCACCTCTAGCCTTT-1",28117,6608
"TCCACTTTATCTAGGT-1",18831,5156
"TCCAGAGCACCGGTTC-1",23466,5967
"TCCAGATGTACGCCAA-1",7658,2736
"TCCAGGCGAGTACGGT-1",35202,6995
"TCCAGGGTATATACGA-1",27812,6093
"TCCATCAATACTAATC-1",11183,4271
"TCCCAAACAGACAACG-1",36198,7375
"TCCCAAAGACGAAGGA-1",37936,7079
"TCCCACTCTCTTCCGG-1",10380,3470
"TCCCAGCTTTAGTCTG-1",32352,6692
"TCCCAGGCTTAGCTAA-1",39573,7259
"TCCCGCGTACTCCTGG-1",27083,5990
"TCCCGGGTGTGCTGCT-1",28733,6392
"TCCCGTCAGTCCCGCA-1",33329,6711
"TCCCGTCGCGTCATAG-1",18417,5006
"TCCCGTGTGCAATTTG-1",23751,5907
"TCCCTAGATCAATAGG-1",28376,6556
"TCCCTGGCGTATTAAC-1",20705,5648
"TCCCTGGCTCGCTGGA-1",22970,5559
"TCCCTTAGATTACTCG-1",27390,6467
"TCCGAAGTAGTCACCA-1",36770,7476
"TCCGAATGGTCCTGAG-1",19624,4955
"TCCGATAATTGCCATA-1",11637,3617
"TCCGATGACTGAGCTC-1",36426,7511
"TCCGATGGTGCGACAT-1",23985,5472
"TCCGATTACATTGCCG-1",19836,4906
"TCCGCCTGTCTACAAG-1",21312,5608
"TCCGCGGCAGCATCTG-1",21555,5672
"TCCGCGGCCCAATGAA-1",6573,2375
"TCCGCTGTCATCCCGG-1",20195,5246
"TCCGCTTATCCCATTA-1",23537,5954
"TCCGGAGGAAGGGCTG-1",37988,7357
"TCCGGCCTAGCGTACA-1",4846,2088
"TCCGGGCTTGACGGGA-1",35520,7370
"TCCGGTTCGTCCGGTC-1",34593,6929
"TCCGTTAAGCTAATAT-1",11510,3964
"TCCGTTTAGCCTTGAA-1",15631,4682
"TCCTAAAGATTCAGAC-1",46574,8094
"TCCTAAATTGGGAAGC-1",29712,6774
"TCCTAACCGTCGGGCA-1",6811,2148
"TCCTACATCCACGGCC-1",21757,5690
"TCCTAGCAAAGAAGCT-1",47201,8065
"TCCTCCTAAGACATTC-1",24091,6427
"TCCTCGGGCTGGGCTT-1",10893,3719
"TCCTCTACGAGATGGC-1",6517,2272
"TCCTGCCAACTGGAGA-1",9311,2814
"TCCTGCGTTGATACTC-1",32074,6576
"TCCTGGCGCTGCCTGG-1",32922,7271
"TCCTTACGACGGTCCG-1",7539,2941
"TCCTTCAATCCCTACG-1",22414,5895
"TCCTTGTCCTTTAATT-1",38088,7700
"TCCTTTAAATCCGCTT-1",21025,5650
"TCCTTTCTTACGCTTA-1",31057,6386
"TCGAAATTTAGGACCA-1",38223,7098
"TCGAAGAACCGAGCAC-1",9956,3182
"TCGAATATCCCGCAGG-1",17143,5271
"TCGACAACTGAACCCG-1",25408,6155
"TCGAGACCAACACCGT-1",38429,7364
"TCGAGTCTACGATTCG-1",5374,2626
"TCGCAAAGATGCATTT-1",19631,5358
"TCGCACCAGGAGGCAG-1",19984,5104
"TCGCATAAAGGGCGCA-1",46624,8054
"TCGCCGAAGTTGCGTC-1",24411,6164
"TCGCCGACATATTCGC-1",29252,6579
"TCGCCGCACCGCGTGA-1",35366,7687
"TCGCCGGTCGATCCGT-1",23141,5677
"TCGCGTAGCAGTGTCC-1",371,274
"TCGCGTCCAGAAGGTC-1",18707,5082
"TCGCTAAACCGCTATC-1",28623,6551
"TCGCTACTGGCTTTGA-1",20685,5464
"TCGCTCGATATATTCC-1",26152,5952
"TCGCTCGGCACCAGCG-1",13882,4420
"TCGCTGCCAATGCTGT-1",35176,7192
"TCGCTGGGCGGATTGT-1",25052,6058
"TCGCTTTAAACGTTTG-1",31538,6684
"TCGGAATGCGCTCTGA-1",10623,2994
"TCGGACGCCCAGCCCA-1",10884,3624
"TCGGAGAGTATCGGGA-1",13214,4834
"TCGGAGTACATGAGTA-1",25276,5996
"TCGGCGAACCCAAACC-1",11415,3433
"TCGGCGTACTGCACAA-1",24265,6449
"TCGGCTTGTATCGACG-1",17793,5017
"TCGGGAACGTGCCTAG-1",24533,5907
"TCGGGAGACAGCGTAC-1",27748,6543
"TCGGGCCGTCGTGGTA-1",10991,3919
"TCGGTCCCGACAATAG-1",26023,6430
"TCGGTGACCGCTCCGG-1",20303,5842
"TCGTAAGACGACATTG-1",26447,6305
"TCGTAAGCTCCGAGGA-1",30491,6995
"TCGTACCGACGTCAAG-1",16618,4624
"TCGTATTACCCATTGC-1",24837,5723
"TCGTCAAGTACGCGCA-1",11704,3735
"TCGTCTTAGGCGTTAA-1",19665,5300
"TCGTGTACTATGGATG-1",544,420
"TCGTGTCACGCTGACA-1",2908,1665
"TCGTGTTCGACCACAA-1",4058,2009
"TCGTTAGGAGTCCCTA-1",36348,7157
"TCGTTGCTATCCGGTC-1",23468,5883
"TCGTTTACGCGACCCT-1",50055,8352
"TCTAAAGAACAGTCTC-1",44483,8311
"TCTAACCTAGCCTGCG-1",33608,7055
"TCTAATACTGCCTCAG-1",38207,7634
"TCTACCCAATAGAGAG-1",3645,1557
"TCTACCCGCATCATTT-1",23263,5845
"TCTACCGTCCACAAGC-1",29968,6434
"TCTAGCAATCTCCGCC-1",23380,6024
"TCTAGCATCTTCGATG-1",11648,3423
"TCTAGCATGCCCAGAA-1",30633,6816
"TCTAGGTGGCGACGCT-1",5301,2114
"TCTAGTGATATCGTGG-1",7220,2631
"TCTAGTTATCAGAAGA-1",36947,6984
"TCTATAGGTGGGTAAT-1",31845,7140
"TCTATCGGTCGCAACA-1",30740,6546
"TCTATGCTATAACGAC-1",39091,7758
"TCTATTACTAGAGGAT-1",26569,6398
"TCTCAAATCAATCGGG-1",36558,7320
"TCTCATGAGATAGGGT-1",22963,5803
"TCTCCAACGTAGGTTA-1",24120,6028
"TCTCCACAAGTTGAAT-1",33552,7336
"TCTCCCTGGGCAGCGT-1",25888,6223
"TCTCGAACGAGGTCAC-1",13110,4052
"TCTCGACGTATCGCCG-1",6527,2768
"TCTCGAGGAGGTTCGC-1",5115,2000
"TCTCGTGTTACGAGGA-1",31571,7307
"TCTCTAATAGCTGGTA-1",13310,3968
"TCTGAACTCGTACCCG-1",17124,5133
"TCTGAAGCACGTGGTC-1",31616,6852
"TCTGAATTCCGTACAA-1",24011,6068
"TCTGAGCAATTGACTG-1",2506,1165
"TCTGATGTATTCTGTC-1",18647,5013
"TCTGCATACCTTGCTT-1",23142,5925
"TCTGCCAGAAACTGCA-1",30255,6587
"TCTGGGAACCTTTGAA-1",18398,5183
"TCTGGGTAGCGCTCAT-1",26194,6132
"TCTGTGCCATCATAGT-1",10066,3303
"TCTGTTACCCAGCATA-1",11490,4084
"TCTTACCGGAACTCGT-1",26127,6151
"TCTTACTTATGCCTCT-1",9405,3418
"TCTTAGAGCTCCAATT-1",7832,3200
"TCTTAGAGTGAACTCT-1",16763,5177
"TCTTCCCATGGGCACA-1",21053,5840
"TCTTCGAATAGACGTT-1",12708,4143
"TCTTCGATACCAATAA-1",45726,7714
"TCTTCTATAACCCGCC-1",7558,2900
"TCTTGATGCGTAGCGA-1",33481,7091
"TCTTGCTCCCGATACT-1",28836,6611
"TCTTGGTAACACCAAA-1",38225,7156
"TCTTTAAGACTATGAA-1",19863,5506
"TCTTTAGAGTCTAACA-1",12542,3810
"TGAAAGGACCTGACTC-1",41655,7767
"TGAACTGCTATGACTT-1",13476,4954
"TGAATACCGACGCGTA-1",30254,6784
"TGAATATGCTATAAAC-1",57933,8773
"TGAATGTCAGCCGGCC-1",16086,4693
"TGAATTTCACTTGCCT-1",33085,7258
"TGACACTTCTCTTTGC-1",24001,6239
"TGACAGGACAAGTCCA-1",16221,4684
"TGACATATATGACGAT-1",10938,4081
"TGACATCGAGCGGACC-1",27872,6718
"TGACATGTAACGTGAC-1",54593,8641
"TGACCAAATCTTAAAC-1",47209,8017
"TGACCCACGTTAGACA-1",43526,7554
"TGACGAATATTTCCCT-1",11022,4315
"TGACGATGCACTAGAA-1",29141,6649
"TGACTATAATCCTTTC-1",21703,5589
"TGACTCCGAATCATAC-1",12962,4692
"TGAGACGTACCTCTCA-1",16421,5261
"TGAGAGATTTACCACG-1",24522,6145
"TGAGATTAGGCCCTAA-1",34025,7145
"TGAGCCATACAGTCTC-1",29690,6658
"TGAGCGGAAAGTGTTC-1",29634,6806
"TGAGCTTTAATGACGC-1",27292,6344
"TGAGGAGTGCCAGCTT-1",32912,6692
"TGAGGCATGTACTGTG-1",17476,5132
"TGAGTAAATTAGCGTA-1",31895,6658
"TGAGTGCCTCTTAAAT-1",33872,6771
"TGAGTGGTCCGTGACG-1",21340,5591
"TGAGTGTAACAACGGG-1",57376,8929
"TGAGTTAAAGACATTC-1",9825,3483
"TGATACATTTAGCCGT-1",40611,7536
"TGATCAGGGAACTGCT-1",18800,5097
"TGATCCCAGCATTAGT-1",5011,2282
"TGATCGGTTTGACCCT-1",25260,5729
"TGATCTACGCTGATCT-1",25738,6383
"TGATCTATCACACTCT-1",30947,6557
"TGATCTCCGGCGCCAG-1",28806,6304
"TGATGGCTGTTTCTGA-1",20128,5176
"TGATGTCAATTAAGTG-1",22658,5926
"TGATTATGGCACGCAG-1",30144,6782
"TGATTCAGGTCCCGCG-1",35375,7885
"TGATTCCCGGTTACCT-1",3860,1746
"TGATTCGTCTATCACT-1",26086,5535
"TGATTCTGTCGCCGGT-1",37739,7169
"TGATTTATTAGCTGTG-1",27250,6169
"TGCAACCCATCTGCGG-1",36164,7561
"TGCAACTACTGGTTGA-1",53302,8447
"TGCAAGAATGACGTAA-1",44084,7529
"TGCAATCTAACACGGT-1",8802,3109
"TGCAATTTGGGCACGG-1",37168,7510
"TGCACAGTGAAGTTAT-1",13964,4355
"TGCAGAACTATATCGT-1",16331,4934
"TGCAGAGTACCGAGCA-1",42730,7680
"TGCAGATCGTCCTAGG-1",21946,6035
"TGCAGCTACGTACTTC-1",27882,6756
"TGCAGGATCGGCAAAG-1",32913,6612
"TGCAGTTTCCTCCCAT-1",23308,5955
"TGCATATGTCTGTCAC-1",21106,5680
"TGCATGGATCGGATCT-1",30231,6592
"TGCATGTGGTAATCTA-1",25132,6073
"TGCCAAAGTCAGACTT-1",18352,5859
"TGCCAATGGGTACTCT-1",42180,7678
"TGCCACACTAGAGGAA-1",31273,7082
"TGCCACCTGGCGAAAC-1",33846,6988
"TGCCAGTACGTGGAGA-1",29327,6614
"TGCCATTACTAAAGAA-1",34471,7019
"TGCCCGATAGTTAGAA-1",30323,6334
"TGCCCGTACCGTTAAA-1",20629,5469
"TGCCGTGGATCGTCCT-1",24660,6162
"TGCCGTGGGACCCAAT-1",26799,6205
"TGCCGTTCTTAATCGG-1",3250,1457
"TGCCTAATTGAAGATT-1",7199,2781
"TGCCTGATCAAACGAT-1",36224,7109
"TGCCTTGGCCAGGCAA-1",30953,6512
"TGCGAATATGGGATTT-1",27327,7109
"TGCGACACCCTAGTGC-1",19337,5379
"TGCGAGAATATTACCC-1",34000,6965
"TGCGAGATGGCGGCCA-1",22646,5886
"TGCGAGCCCTTCCGCG-1",22868,5904
"TGCGCAAAGCATTTGG-1",42440,7535
"TGCGCGATTAACGGAG-1",25704,5955
"TGCGGACTTGACTCCG-1",24340,5882
"TGCGGAGTAAAGGTGC-1",29492,6317
"TGCGTAAGAACCTGAT-1",40304,7542
"TGCGTACGGCTAATTG-1",36713,7583
"TGCGTCATGACTGAGC-1",30605,7226
"TGCGTTTGTTGACACT-1",20033,5420
"TGCTAAGTGTCTATTT-1",15335,4824
"TGCTCCACAGTTCTTA-1",9573,3480
"TGCTCGGCGAAACCCA-1",40801,7570
"TGCTCGGTGGGTCACC-1",28420,6454
"TGCTCTTGAGAGTTTG-1",26167,6363
"TGCTGTTGAAGAACTC-1",26439,6127
"TGCTTCCCAAGCAGTA-1",31556,6800
"TGGAACCACTGACACA-1",25638,6238
"TGGAAGAAGGGAACGT-1",31678,6601
"TGGAAGGATAAAGATG-1",32773,6733
"TGGAATATCCTTGACC-1",23033,6021
"TGGACCAATCTAAGAT-1",32109,7029
"TGGACGCAATCCAGCC-1",18234,5543
"TGGACTGTTCGCTCAA-1",25239,6186
"TGGAGTGATGCGATGA-1",25616,5886
"TGGCAAACTAAATTAC-1",30059,6752
"TGGCAACTCGCGCGCC-1",33281,6909
"TGGCAAGCACAAGTCG-1",19704,5037
"TGGCAATGGGACGGCG-1",2499,1314
"TGGCAGATTACGATCA-1",18607,5244
"TGGCAGCAGTAATAGT-1",13116,4015
"TGGCATGAAGTTTGGG-1",14692,4546
"TGGCCAAACTGAAGTA-1",38203,7276
"TGGCCAATTTGGTACT-1",23543,6421
"TGGCCGTATATTGACC-1",16408,4744
"TGGCGACTGCTCCAAA-1",37799,7324
"TGGCGATCAAGTTATG-1",39340,7441
"TGGCTACACTCTACCT-1",35802,7484
"TGGCTATGTGACATAC-1",15580,4521
"TGGCTCTTGTCGCGTA-1",22567,6124
"TGGCTTATGTATAATG-1",13046,4746
"TGGCTTGTACAAGCTT-1",36324,7201
"TGGGATGCACTCATTC-1",11371,3764
"TGGGCAATAGTTGGGT-1",8345,3160
"TGGGCCACAAGAGCGC-1",28765,6593
"TGGGCCCATACTAATT-1",19992,5498
"TGGGCGATACAATAAG-1",43464,7831
"TGGGTGCACAAGCCAT-1",62124,8833
"TGGGTGGGATGTCATT-1",12200,4000
"TGGGTGTAATAGATTT-1",32531,7033
"TGGTAAGCAGGATTGA-1",30846,6987
"TGGTAGAATATATGGG-1",10251,3534
"TGGTCCCACGCTACGG-1",18455,5269
"TGGTCGTGCAAGGCAA-1",32878,6908
"TGGTCTGTTGGGCGTA-1",26578,5954
"TGGTTAACTTACATTT-1",19391,5772
"TGGTTAAGGGCGCTGG-1",33641,7061
"TGGTTCAACGGGTAAT-1",23908,5886
"TGGTTCGTAGCAAAGG-1",29883,6371
"TGGTTTAAACGTGGGT-1",2811,1363
"TGTACCTACACGAGGG-1",27439,6711
"TGTACGAACAAATCCG-1",58676,8790
"TGTACTTCCGGGCATG-1",42179,7798
"TGTAGCCAATTCCGTT-1",52637,8505
"TGTAGCCATCCCATTC-1",32033,6933
"TGTAGGAGAAATTTCC-1",23707,6060
"TGTAGTGATCTATAAT-1",25993,6104
"TGTATAACAGATCCTG-1",28994,6591
"TGTATCAGACTGAAGC-1",14547,4597
"TGTATGGCGCAGACAG-1",20680,5594
"TGTCATTTGTTGGGAA-1",25023,6336
"TGTCCACGGCTCAACT-1",33238,7179
"TGTCCTAAGTCACCGC-1",22491,5527
"TGTCGTTATCACATAT-1",17586,5451
"TGTGACTACGCCAGTC-1",26133,6096
"TGTGACTAGAGTTTGC-1",31435,7182
"TGTGAGACTAGCCCAA-1",32767,6964
"TGTGCCAGAGGCAAAG-1",19913,5870
"TGTGCCGGTGCCGGAA-1",12307,3937
"TGTGGCAAAGCGTATG-1",22772,5978
"TGTGGCGGGCTTCTGG-1",26205,6330
"TGTGTCGAAGTCGAGG-1",26509,6285
"TGTGTGACCATGAATC-1",29860,7311
"TGTTATTGTATGTGGC-1",17184,4883
"TGTTCCGCTTCCATGA-1",38325,7134
"TGTTCCGGCCTGAGCT-1",14004,4699
"TGTTCGTATTGCGGTG-1",24453,6230
"TGTTCTTCCATTGACT-1",34548,6774
"TGTTGTCAAGAAGTCT-1",33320,6902
"TGTTTCTGAAGCGTGC-1",10201,4057
"TGTTTGAGATCGTCAG-1",8900,3515
"TTAAACTCGAATTCAT-1",15354,4580
"TTAAAGTAAGTCGCCA-1",46680,8374
"TTAACCAACCCTCCCT-1",16063,4078
"TTAACGAACAAGCAGT-1",27303,6344
"TTAACTTCAGGTAGGA-1",13944,4898
"TTAAGATAGGATTGAC-1",12071,3732
"TTAAGCGCCTGACCCA-1",30971,6426
"TTAAGGCCCGTACTTT-1",14136,4373
"TTAAGTATTGTTATCC-1",30649,7053
"TTAATCAGTACGTCAG-1",23676,5846
"TTAATGTAGACCAGGT-1",34468,6939
"TTAATTGCTTTGGGTG-1",25223,6490
"TTAATTTCAGACGCGG-1",12524,3461
"TTACAACTACGCATCC-1",29451,6350
"TTACACGATCTGCGAC-1",31446,6790
"TTACAGACCTAAATGA-1",21880,5654
"TTACATGCCACAACTA-1",18512,5134
"TTACCATTGATTACCC-1",20995,5066
"TTACCCATTGCCGGGT-1",34678,7003
"TTACCCTAGGGATTGG-1",21381,5344
"TTACGGATGGTTCGAG-1",18434,5320
"TTACTAAAGGACTTTA-1",20714,5515
"TTACTCCGGCCGGGAA-1",31878,6738
"TTACTCTGGTACGTAC-1",30942,6770
"TTACTGGGATATTTCA-1",45385,8040
"TTACTGTCTAGAGCTC-1",20272,5373
"TTAGAAGAACATGACT-1",37763,7582
"TTAGAATAAGGGTCGG-1",9656,2872
"TTAGACACGATCGTTG-1",29387,6437
"TTAGACGAGTCACCTC-1",25551,6166
"TTAGAGGGATATACAG-1",30210,7339
"TTAGAGTTTAGAAGGA-1",24327,6243
"TTAGCTAATACGATCT-1",26361,6276
"TTAGCTGATTTGCCGT-1",8189,2649
"TTAGTAAACCTGCTCT-1",31354,7117
"TTAGTAGGGCGGCGGG-1",15820,4525
"TTAGTTATTCGTGGCA-1",18042,5324
"TTAGTTCAAGTGTTCG-1",22529,6079
"TTATAGGTAATTGTCT-1",22073,5790
"TTATATACGCTGTCAC-1",18723,5039
"TTATATTTGGCAATCC-1",31735,6621
"TTATCCGGGATCTATA-1",22458,5845
"TTATCCTCAAGGAATA-1",37355,7773
"TTATCTGACATTAGGA-1",31110,7428
"TTATCTGTATCATAAC-1",29861,6246
"TTATGAATGAAAGGGA-1",38512,7398
"TTATGACAAACTGGAT-1",18621,4706
"TTATGATCTTAACGAA-1",25797,6228
"TTATTAGAGCGTGTTC-1",21248,5678
"TTCAAAGTCTCTAGCC-1",32562,6794
"TTCAATACTCTGAATC-1",21414,5514
"TTCACGAAAGGATCAC-1",49205,8080
"TTCACTCGAGCACCTA-1",25462,6197
"TTCAGCCCTGGTCCAC-1",24058,6111
"TTCAGCTGGCGTGCCC-1",13747,4274
"TTCAGGCGTCAAAGCC-1",19780,5320
"TTCATGGCGCAACAGG-1",31077,6662
"TTCCAATCAGAGCTAG-1",22335,5788
"TTCCAATCTGGCTATC-1",23762,5758
"TTCCACACAGATTTGA-1",26728,6160
"TTCCAGACGAGATTTA-1",1926,1102
"TTCCATCATGCGGTGA-1",27133,6424
"TTCCATCGACAGCGTG-1",40570,7619
"TTCCCGGCGCCAATAG-1",33834,7789
"TTCCGCAGAGAAATAT-1",26524,6467
"TTCCGCGTGAGGCGAT-1",27468,6373
"TTCCGGCCTTGAGGCT-1",37511,7241
"TTCCGGCTCGACTTCT-1",30095,6864
"TTCCGGTTACCCACTT-1",18375,5115
"TTCCTCGAGGGTGTCT-1",12786,3610
"TTCCTCGGACTAACCA-1",19459,5130
"TTCGACAGAGCCCGTG-1",23584,6052
"TTCGACGGGAAGGGCG-1",22965,5763
"TTCGCACTCGCGTGCT-1",21368,5083
"TTCGCACTGTACGACA-1",27325,6009
"TTCGCCGCTCGCGCTA-1",21493,5924
"TTCGCGCGCCATACGA-1",25586,5954
"TTCGCTATCTGACGTG-1",17441,5055
"TTCGGCAACCCGCTGA-1",24191,5975
"TTCGGGACTAATCGCG-1",25494,6128
"TTCGGGCGCTAGTCTT-1",11998,3601
"TTCGGTACTGTAGAGG-1",21127,5815
"TTCGTACTCCAGAACG-1",14095,3575
"TTCGTTCAACGAAGTT-1",28569,6665
"TTCTAACCGAAGCTTA-1",27407,6334
"TTCTAGAAAGTCTTAT-1",15567,3785
"TTCTAGGCCAATTGTG-1",9545,3230
"TTCTATTAAACGCAGC-1",15958,5032
"TTCTCTTACAGGTGAT-1",14602,5138
"TTCTGACCGGGCTCAA-1",21328,5525
"TTCTGCCGCGCCTAGA-1",22428,5709
"TTCTGCGGGTTAGCGG-1",17903,5165
"TTCTGCTAGACTCCAA-1",8859,3239
"TTCTTATCCGCTGGGT-1",5488,2245
"TTCTTGAGCCGCGCTA-1",29587,6547
"TTCTTGCTAGCATCTC-1",7172,3125
"TTCTTGGACGATCTGC-1",6615,2580
"TTCTTGGAGTAATGAG-1",28743,6563
"TTCTTTGGTCGCGACG-1",20753,5709
"TTGAAAGGTGTAAAGG-1",38093,7609
"TTGAACGACGTGCTGA-1",27193,6676
"TTGAAGAATTCCCAGG-1",41469,7340
"TTGAAGGATGGGCGCC-1",16300,5393
"TTGAATATGGACTTTC-1",15537,4572
"TTGAATCGTTGTATAA-1",27336,6883
"TTGAATTCACGTGAGG-1",22895,5986
"TTGACAGGAGCTCCCG-1",9202,3253
"TTGACATGAACGTGGA-1",34693,7164
"TTGACCAGGAACAACT-1",38662,7351
"TTGACCATGTTCTCCG-1",30261,6504
"TTGACCGTGTTAATGA-1",13776,4610
"TTGACGCTCCATGAGC-1",7943,2895
"TTGACTACCATATGGT-1",36484,7294
"TTGACTATTGTCCGGC-1",9547,3263
"TTGAGAAGTTTAGCAT-1",21287,5640
"TTGAGAGTACTGCTAA-1",34871,7157
"TTGATAGTCAATACAT-1",26634,6418
"TTGATCTAACTTTGTC-1",29405,6410
"TTGATGTGTAGTCCCG-1",24587,6097
"TTGATTAGCTGTTTCT-1",23486,5758
"TTGATTATGCAGATGA-1",8792,2799
"TTGCACAATTCAGAAA-1",22093,5607
"TTGCACGGAGCAGCAC-1",21736,5406
"TTGCATGCTGATCACG-1",33361,6822
"TTGCCAAGCAGAACCC-1",17586,5097
"TTGCCATAGCCCGCTC-1",30518,7094
"TTGCCCTGATCACGGG-1",25275,6150
"TTGCCGCAGACCTACA-1",11501,4497
"TTGCCGCTTTCTAGTA-1",22253,5825
"TTGCCGGTGATCCCTC-1",12000,3992
"TTGCCTTCTCGCCGGG-1",24897,6559
"TTGCGCTTGATCAATA-1",38453,7714
"TTGCGGCATCAGAAAG-1",25180,5253
"TTGCGTCGGCCAACCG-1",12491,4022
"TTGCGTGAACGCTTAG-1",30180,6790
"TTGCGTGTGTAGGCAT-1",28211,6724
"TTGCTCATAGTACGTG-1",35089,7451
"TTGCTCCCATACCGGA-1",27056,6292
"TTGCTGAAGGAACCAC-1",18284,4555
"TTGCTGATCATGTTCG-1",31015,6548
"TTGGAAGAATACAGTC-1",24364,6666
"TTGGACATGTGGCTTA-1",23195,5737
"TTGGACCATCTGGCAA-1",6996,2568
"TTGGACCTATAACAGT-1",31419,6865
"TTGGATATCGTCTACG-1",31224,6865
"TTGGCCTAGAATTTCG-1",21019,5375
"TTGGCTCAATATGTGT-1",28277,6572
"TTGGGACACTGCCCGC-1",31452,6612
"TTGGGACGTAAGAGTT-1",2526,1278
"TTGGGCGGCGGTTGCC-1",26374,6172
"TTGGTCACACTCGTAA-1",28689,6404
"TTGGTTGCGGTGCGCG-1",25537,6772
"TTGTAAGGACCTAAGT-1",25878,6139
"TTGTAAGGCCAGTTGG-1",25717,6146
"TTGTAATCCGTACTCG-1",41153,7629
"TTGTACACCTCGAACA-1",33421,7496
"TTGTCACCGCGGTATC-1",27382,6652
"TTGTCGTTCAGTTACC-1",22246,5565
"TTGTGAACCTAATCCG-1",29910,6745
"TTGTGAGGCATGACGC-1",25011,6653
"TTGTGATCTGTTCAGT-1",38413,7822
"TTGTGCAGCCACGTCA-1",25340,6194
"TTGTGCGGAAGCGGAT-1",11891,4580
"TTGTGGCCCTGACAGT-1",11530,3403
"TTGTGGTAGGAGGGAT-1",21141,6079
"TTGTGGTGGTACTAAG-1",25305,6328
"TTGTGTATGCCACCAA-1",26997,6375
"TTGTGTTTCCCGAAAG-1",29112,6754
"TTGTTCAGTGTGCTAC-1",30918,6586
"TTGTTGTGTGTCAAGA-1",23779,5973
"TTGTTTCACATCCAGG-1",17928,4604
"TTGTTTCCATACAACT-1",16846,4878
